"analyte_name_original","dsstox_substance_id","fk_series_id"
"benzo(a)pyrene","DTXSID2020139",181
"benzo(a)pyrene","DTXSID2020139",184
"benzo(a)pyrene","DTXSID2020139",284
"benzo[a]pyrene","DTXSID2020139",327
"benzo[a]pyrene","DTXSID2020139",332
"benzo[a]pyrene","DTXSID2020139",337
"Bensulide","DTXSID9032329",23339
"Bensulide","DTXSID9032329",23340
"Bensulide","DTXSID9032329",23341
"Bensulide","DTXSID9032329",23349
"Bensulide","DTXSID9032329",23350
"Bensulide","DTXSID9032329",23351
"Bensulide","DTXSID9032329",23352
"Bensulide","DTXSID9032329",23345
"Bensulide","DTXSID9032329",23346
"Bensulide","DTXSID9032329",23347
"Bensulide","DTXSID9032329",23348
"Bensulide","DTXSID9032329",23342
"Bensulide","DTXSID9032329",23343
"Bensulide","DTXSID9032329",23344
"Diclofenac","DTXSID6022923",23401
"Formetanate hydrochloride","DTXSID4032405",23433
"Formetanate hydrochloride","DTXSID4032405",23434
"Formetanate hydrochloride","DTXSID4032405",23435
"Formetanate hydrochloride","DTXSID4032405",23436
"Formetanate hydrochloride","DTXSID4032405",23437
"Formetanate hydrochloride","DTXSID4032405",23438
"Formetanate hydrochloride","DTXSID4032405",23439
"Formetanate hydrochloride","DTXSID4032405",23440
"Hexobarbital","DTXSID6022923",23441
"Imidacloprid","DTXSID5032442",23451
"Imidacloprid","DTXSID5032442",23452
"Imidacloprid","DTXSID5032442",23453
"Imidacloprid","DTXSID5032442",23454
"Imidacloprid","DTXSID5032442",23455
"Imidacloprid","DTXSID5032442",23456
"Imidacloprid","DTXSID5032442",23457
"Imidacloprid","DTXSID5032442",23458
"Ondansetron","DTXSID8023393",23475
"Ondansetron","DTXSID8023393",23476
"Ondansetron","DTXSID8023393",23477
"Ondansetron","DTXSID8023393",23478
"Ondansetron","DTXSID8023393",23479
"Ondansetron","DTXSID8023393",23480
"Ondansetron","DTXSID8023393",23481
"Pentadecafluorooctanoic acid","DTXSID8031865",23482
"Pentadecafluorooctanoic acid","DTXSID8031865",23483
"Pentadecafluorooctanoic acid","DTXSID8031865",23484
"Pentadecafluorooctanoic acid","DTXSID8031865",23485
"Pentadecafluorooctanoic acid","DTXSID8031865",23486
"Pentadecafluorooctanoic acid","DTXSID8031865",23487
"Pentadecafluorooctanoic acid","DTXSID8031865",23488
"Pentadecafluorooctanoic acid","DTXSID8031865",23489
"Tolbutamide","DTXSID8021359",23553
"Tolbutamide","DTXSID8021359",23554
"Triclosan","DTXSID5032498",23555
"Triclosan","DTXSID5032498",23556
"Triclosan","DTXSID5032498",23557
"Triclosan","DTXSID5032498",23558
"Triclosan","DTXSID5032498",23559
"Triclosan","DTXSID5032498",23560
"Fluorotelomer alcohol 8+2","DTXSID7029904",12804
"Fluorotelomer alcohol 8+2","DTXSID7029904",12808
"Fluorotelomer alcohol 8+2","DTXSID7029904",12812
"Fluorotelomer alcohol 8+2","DTXSID7029904",12816
"Fluorotelomer alcohol 8+2","DTXSID7029904",12820
"Fluorotelomer alcohol 8+2","DTXSID7029904",12824
"Fluorotelomer alcohol 8+2","DTXSID7029904",12828
"Fluorotelomer alcohol 8+2","DTXSID7029904",12832
"Fluorotelomer alcohol 8+2","DTXSID7029904",12836
"Fluorotelomer alcohol 8+2","DTXSID7029904",12840
"Fluorotelomer alcohol 8+2","DTXSID7029904",12844
"Fluorotelomer alcohol 8+2","DTXSID7029904",12848
"Fluorotelomer alcohol 8+2","DTXSID7029904",12852
"Fluorotelomer alcohol 8+2","DTXSID7029904",12856
"Fluorotelomer alcohol 8+2","DTXSID7029904",12860
"Fluorotelomer alcohol 8+2","DTXSID7029904",12864
"Fluorotelomer alcohol 8+2","DTXSID7029904",12868
"Fluorotelomer alcohol 8+2","DTXSID7029904",12872
"Fluorotelomer alcohol 8+2","DTXSID7029904",12876
"Fluorotelomer alcohol 8+2","DTXSID7029904",12880
"Fluorotelomer alcohol 8+2","DTXSID7029904",12884
"Fluorotelomer alcohol 8+2","DTXSID7029904",12888
"Fluorotelomer alcohol 8+2","DTXSID7029904",12892
"Fluorotelomer alcohol 8+2","DTXSID7029904",12896
"Fluorotelomer alcohol 8+2","DTXSID7029904",12900
"Fluorotelomer alcohol 8+2","DTXSID7029904",12904
"Fluorotelomer alcohol 8+2","DTXSID7029904",12908
"Fluorotelomer alcohol 8+2","DTXSID7029904",12912
"Fluorotelomer alcohol 8+2","DTXSID7029904",12916
"Fluorotelomer alcohol 8+2","DTXSID7029904",12920
"Fluorotelomer alcohol 8+2","DTXSID7029904",12924
"Fluorotelomer alcohol 8+2","DTXSID7029904",12928
"Fluorotelomer alcohol 8+2","DTXSID7029904",12932
"Fluorotelomer alcohol 8+2","DTXSID7029904",12936
"Fluorotelomer alcohol 8+2","DTXSID7029904",12940
"Fluorotelomer alcohol 8+2","DTXSID7029904",12944
"Fluorotelomer alcohol 8+2","DTXSID7029904",12948
"Fluorotelomer alcohol 8+2","DTXSID7029904",12952
"Fluorotelomer alcohol 8+2","DTXSID7029904",12956
"Fluorotelomer alcohol 8+2","DTXSID7029904",12960
"Fluorotelomer alcohol 8+2","DTXSID7029904",12964
"Fluorotelomer alcohol 8+2","DTXSID7029904",12968
"Fluorotelomer alcohol 8+2","DTXSID7029904",12972
"Fluorotelomer alcohol 8+2","DTXSID7029904",12976
"Fluorotelomer alcohol 8+2","DTXSID7029904",12980
"Fluorotelomer alcohol 8+2","DTXSID7029904",12984
"Fluorotelomer alcohol 8+2","DTXSID7029904",12988
"Fluorotelomer alcohol 8+2","DTXSID7029904",12992
"Fluorotelomer alcohol 8+2","DTXSID7029904",12996
"Fluorotelomer alcohol 8+2","DTXSID7029904",13000
"Fluorotelomer alcohol 8+2","DTXSID7029904",13004
"Fluorotelomer alcohol 8+2","DTXSID7029904",13008
"Fluorotelomer alcohol 8+2","DTXSID7029904",13012
"Fluorotelomer alcohol 8+2","DTXSID7029904",13016
"Fluorotelomer alcohol 8+2","DTXSID7029904",13020
"Fluorotelomer alcohol 8+2","DTXSID7029904",13024
"Fluorotelomer alcohol 8+2","DTXSID7029904",13028
"Fluorotelomer alcohol 8+2","DTXSID7029904",13032
"Fluorotelomer alcohol 8+2","DTXSID7029904",13036
"Fluorotelomer alcohol 8+2","DTXSID7029904",13040
"Fluorotelomer alcohol 8+2","DTXSID7029904",13044
"Fluorotelomer alcohol 8+2","DTXSID7029904",13048
"Fluorotelomer alcohol 8+2","DTXSID7029904",13052
"Fluorotelomer alcohol 8+2","DTXSID7029904",13056
"Fluorotelomer alcohol 8+2","DTXSID7029904",13060
"Fluorotelomer alcohol 8+2","DTXSID7029904",13064
"Fluorotelomer alcohol 8+2","DTXSID7029904",13068
"Fluorotelomer alcohol 8+2","DTXSID7029904",13072
"Fluorotelomer alcohol 8+2","DTXSID7029904",13076
"Fluorotelomer alcohol 8+2","DTXSID7029904",13080
"Fluorotelomer alcohol 8+2","DTXSID7029904",13084
"Fluorotelomer alcohol 8+2","DTXSID7029904",13088
"Fluorotelomer alcohol 8+2","DTXSID7029904",13092
"Fluorotelomer alcohol 8+2","DTXSID7029904",13096
"Fluorotelomer alcohol 8+2","DTXSID7029904",13100
"Fluorotelomer alcohol 8+2","DTXSID7029904",13104
"Fluorotelomer alcohol 8+2","DTXSID7029904",13108
"Fluorotelomer alcohol 8+2","DTXSID7029904",13112
"Fluorotelomer alcohol 8+2","DTXSID7029904",13116
"Fluorotelomer alcohol 8+2","DTXSID7029904",13120
"Fluorotelomer alcohol 8+2","DTXSID7029904",13124
"Fluorotelomer alcohol 8+2","DTXSID7029904",13128
"Fluorotelomer alcohol 8+2","DTXSID7029904",13132
"Fluorotelomer alcohol 8+2","DTXSID7029904",13136
"Fluorotelomer alcohol 8+2","DTXSID7029904",13140
"Fluorotelomer alcohol 8+2","DTXSID7029904",13144
"Fluorotelomer alcohol 8+2","DTXSID7029904",13148
"Fluorotelomer alcohol 8+2","DTXSID7029904",13152
"Fluorotelomer alcohol 8+2","DTXSID7029904",13156
"Fluorotelomer alcohol 8+2","DTXSID7029904",13160
"Fluorotelomer alcohol 8+2","DTXSID7029904",13164
"Fluorotelomer alcohol 8+2","DTXSID7029904",13168
"Fluorotelomer alcohol 8+2","DTXSID7029904",13172
"Fluorotelomer alcohol 8+2","DTXSID7029904",13176
"Fluorotelomer alcohol 8+2","DTXSID7029904",13180
"Fluorotelomer alcohol 8+2","DTXSID7029904",13184
"Fluorotelomer alcohol 8+2","DTXSID7029904",13188
"Fluorotelomer alcohol 8+2","DTXSID7029904",13192
"Fluorotelomer alcohol 8+2","DTXSID7029904",13196
"Fluorotelomer alcohol 8+2","DTXSID7029904",13200
"Fluorotelomer alcohol 8+2","DTXSID7029904",13204
"Fluorotelomer alcohol 8+2","DTXSID7029904",13208
"Fluorotelomer alcohol 8+2","DTXSID7029904",13212
"Fluorotelomer alcohol 8+2","DTXSID7029904",13216
"Fluorotelomer alcohol 8+2","DTXSID7029904",13220
"Fluorotelomer alcohol 8+2","DTXSID7029904",13224
"Fluorotelomer alcohol 8+2","DTXSID7029904",13228
"Fluorotelomer alcohol 8+2","DTXSID7029904",13232
"Fluorotelomer alcohol 8+2","DTXSID7029904",13236
"Fluorotelomer alcohol 8+2","DTXSID7029904",13240
"Fluorotelomer alcohol 8+2","DTXSID7029904",13244
"Fluorotelomer alcohol 8+2","DTXSID7029904",13248
"Fluorotelomer alcohol 8+2","DTXSID7029904",13252
"Fluorotelomer alcohol 8+2","DTXSID7029904",13256
"Fluorotelomer alcohol 8+2","DTXSID7029904",13260
"Fluorotelomer alcohol 8+2","DTXSID7029904",13264
"Fluorotelomer alcohol 8+2","DTXSID7029904",13268
"Fluorotelomer alcohol 8+2","DTXSID7029904",13272
"Fluorotelomer alcohol 8+2","DTXSID7029904",13276
"Fluorotelomer alcohol 8+2","DTXSID7029904",13280
"Fluorotelomer alcohol 8+2","DTXSID7029904",13284
"Fluorotelomer alcohol 8+2","DTXSID7029904",13288
"Fluorotelomer alcohol 8+2","DTXSID7029904",13292
"Fluorotelomer alcohol 8+2","DTXSID7029904",13296
"Fluorotelomer alcohol 8+2","DTXSID7029904",13300
"Fluorotelomer alcohol 8+2","DTXSID7029904",13304
"Fluorotelomer alcohol 8+2","DTXSID7029904",13308
"Fluorotelomer alcohol 8+2","DTXSID7029904",13312
"Fluorotelomer alcohol 8+2","DTXSID7029904",13316
"Fluorotelomer alcohol 8+2","DTXSID7029904",13320
"Pentachloroanisole","DTXSID2021103",14913
"Pentachloroanisole","DTXSID2021103",14914
"Phenolphthalein","DTXSID0021125",16715
"Phenolphthalein","DTXSID0021125",16716
"Phenolphthalein","DTXSID0021125",16717
"Phenolphthalein","DTXSID0021125",16718
"Phenolphthalein","DTXSID0021125",16719
"Phenolphthalein","DTXSID0021125",16720
"Phenolphthalein","DTXSID0021125",16721
"Phenolphthalein","DTXSID0021125",16722
"Phenolphthalein","DTXSID0021125",16723
"Phenolphthalein","DTXSID0021125",16724
"Phenolphthalein","DTXSID0021125",16725
"Phenolphthalein","DTXSID0021125",16726
"Phenolphthalein","DTXSID0021125",16727
"Phenolphthalein","DTXSID0021125",16728
"Phenolphthalein","DTXSID0021125",16729
"Phenolphthalein","DTXSID0021125",16730
"Phenolphthalein","DTXSID0021125",16731
"Phenolphthalein","DTXSID0021125",16732
"Phenolphthalein","DTXSID0021125",16733
"Phenolphthalein","DTXSID0021125",16734
"Phenolphthalein","DTXSID0021125",16735
"Phenolphthalein","DTXSID0021125",16736
"Phenolphthalein","DTXSID0021125",16737
"Phenolphthalein","DTXSID0021125",16738
"Phenolphthalein","DTXSID0021125",16739
"Phenolphthalein","DTXSID0021125",16740
"Phenolphthalein","DTXSID0021125",16741
"Phenolphthalein","DTXSID0021125",16742
"Phenolphthalein","DTXSID0021125",16743
"Phenolphthalein","DTXSID0021125",16744
"Phenolphthalein","DTXSID0021125",16745
"Phenolphthalein","DTXSID0021125",16746
"Phenolphthalein","DTXSID0021125",16747
"Phenolphthalein","DTXSID0021125",16748
"Phenolphthalein","DTXSID0021125",16749
"Phenolphthalein","DTXSID0021125",16750
"Phenolphthalein","DTXSID0021125",16751
"Phenolphthalein","DTXSID0021125",16752
"Phenolphthalein","DTXSID0021125",16753
"Phenolphthalein","DTXSID0021125",16754
"Phenolphthalein","DTXSID0021125",16755
"Phenolphthalein","DTXSID0021125",16756
"Phenolphthalein","DTXSID0021125",16757
"Phenolphthalein","DTXSID0021125",16758
"Phenolphthalein","DTXSID0021125",16759
"Phenolphthalein","DTXSID0021125",16760
"Phenolphthalein","DTXSID0021125",16761
"Phenolphthalein","DTXSID0021125",16762
"Perfluorooctanoic acid","DTXSID8031865",11500
"Perfluorooctanoic acid","DTXSID8031865",11501
"Perfluorooctanoic acid","DTXSID8031865",11502
"Perfluorooctanoic acid","DTXSID8031865",11503
"Perfluorooctanoic acid","DTXSID8031865",11504
"Perfluorooctanoic acid","DTXSID8031865",11505
"Perfluorooctanoic acid","DTXSID8031865",11506
"Perfluorooctanoic acid","DTXSID8031865",11507
"Perfluorooctanoic acid","DTXSID8031865",11508
"Perfluorooctanoic acid","DTXSID8031865",11509
"Perfluorooctanoic acid","DTXSID8031865",11510
"Perfluorooctanoic acid","DTXSID8031865",11511
"Perfluorooctanoic acid","DTXSID8031865",11512
"Perfluorooctanoic acid","DTXSID8031865",11513
"Perfluorooctanoic acid","DTXSID8031865",11514
"Perfluorooctanoic acid","DTXSID8031865",11515
"Perfluorooctanoic acid","DTXSID8031865",11516
"Perfluorooctanoic acid","DTXSID8031865",11517
"Perfluorooctanoic acid","DTXSID8031865",11518
"Perfluorooctanoic acid","DTXSID8031865",11519
"Perfluorooctanoic acid","DTXSID8031865",11520
"Perfluorooctanoic acid","DTXSID8031865",11521
"Perfluorooctanoic acid","DTXSID8031865",11522
"Perfluorooctanoic acid","DTXSID8031865",11523
"Perfluorooctanoic acid","DTXSID8031865",11524
"Perfluorooctanoic acid","DTXSID8031865",11525
"Perfluorooctanoic acid","DTXSID8031865",11526
"Perfluorooctanoic acid","DTXSID8031865",11527
"Perfluorooctanoic acid","DTXSID8031865",11924
"Perfluorooctanoic acid","DTXSID8031865",11531
"Perfluorooctanoic acid","DTXSID8031865",11535
"Perfluorooctanoic acid","DTXSID8031865",11539
"Perfluorooctanoic acid","DTXSID8031865",11543
"Perfluorooctanoic acid","DTXSID8031865",11547
"Perfluorooctanoic acid","DTXSID8031865",11551
"Perfluorooctanoic acid","DTXSID8031865",11555
"Perfluorooctanoic acid","DTXSID8031865",11559
"Perfluorooctanoic acid","DTXSID8031865",11563
"Perfluorooctanoic acid","DTXSID8031865",11567
"Perfluorooctanoic acid","DTXSID8031865",11571
"Perfluorooctanoic acid","DTXSID8031865",11575
"Perfluorooctanoic acid","DTXSID8031865",11579
"Perfluorooctanoic acid","DTXSID8031865",11583
"Perfluorooctanoic acid","DTXSID8031865",11587
"Perfluorooctanoic acid","DTXSID8031865",11591
"Perfluorooctanoic acid","DTXSID8031865",11595
"Perfluorooctanoic acid","DTXSID8031865",11599
"Perfluorooctanoic acid","DTXSID8031865",11603
"Perfluorooctanoic acid","DTXSID8031865",11607
"Perfluorooctanoic acid","DTXSID8031865",11611
"Perfluorooctanoic acid","DTXSID8031865",11615
"Perfluorooctanoic acid","DTXSID8031865",11619
"Perfluorooctanoic acid","DTXSID8031865",11623
"Perfluorooctanoic acid","DTXSID8031865",11627
"Perfluorooctanoic acid","DTXSID8031865",11631
"Perfluorooctanoic acid","DTXSID8031865",11635
"Perfluorooctanoic acid","DTXSID8031865",11639
"Perfluorooctanoic acid","DTXSID8031865",11643
"Perfluorooctanoic acid","DTXSID8031865",11647
"Perfluorooctanoic acid","DTXSID8031865",11651
"Perfluorooctanoic acid","DTXSID8031865",11655
"Perfluorooctanoic acid","DTXSID8031865",11659
"Perfluorooctanoic acid","DTXSID8031865",11663
"Perfluorooctanoic acid","DTXSID8031865",11667
"Perfluorooctanoic acid","DTXSID8031865",11671
"Perfluorooctanoic acid","DTXSID8031865",11675
"Perfluorooctanoic acid","DTXSID8031865",11679
"Perfluorooctanoic acid","DTXSID8031865",11683
"Perfluorooctanoic acid","DTXSID8031865",11687
"Perfluorooctanoic acid","DTXSID8031865",11691
"Perfluorooctanoic acid","DTXSID8031865",11695
"Perfluorooctanoic acid","DTXSID8031865",11699
"Perfluorooctanoic acid","DTXSID8031865",11703
"Perfluorooctanoic acid","DTXSID8031865",11707
"Perfluorooctanoic acid","DTXSID8031865",11711
"Perfluorooctanoic acid","DTXSID8031865",11715
"Perfluorooctanoic acid","DTXSID8031865",11719
"Perfluorooctanoic acid","DTXSID8031865",11723
"Perfluorooctanoic acid","DTXSID8031865",11727
"Perfluorooctanoic acid","DTXSID8031865",11731
"Perfluorooctanoic acid","DTXSID8031865",11735
"Perfluorooctanoic acid","DTXSID8031865",11739
"Perfluorooctanoic acid","DTXSID8031865",11743
"Perfluorooctanoic acid","DTXSID8031865",11747
"Perfluorooctanoic acid","DTXSID8031865",11751
"Perfluorooctanoic acid","DTXSID8031865",11755
"Perfluorooctanoic acid","DTXSID8031865",11759
"Perfluorooctanoic acid","DTXSID8031865",11763
"Perfluorooctanoic acid","DTXSID8031865",11767
"Perfluorooctanoic acid","DTXSID8031865",11771
"Perfluorooctanoic acid","DTXSID8031865",11775
"Perfluorooctanoic acid","DTXSID8031865",11779
"Perfluorooctanoic acid","DTXSID8031865",11783
"Perfluorooctanoic acid","DTXSID8031865",11787
"Perfluorooctanoic acid","DTXSID8031865",11791
"Perfluorooctanoic acid","DTXSID8031865",11795
"Perfluorooctanoic acid","DTXSID8031865",11799
"Perfluorooctanoic acid","DTXSID8031865",11803
"Perfluorooctanoic acid","DTXSID8031865",11807
"Perfluorooctanoic acid","DTXSID8031865",11811
"Perfluorooctanoic acid","DTXSID8031865",11815
"Perfluorooctanoic acid","DTXSID8031865",11819
"Perfluorooctanoic acid","DTXSID8031865",11823
"Perfluorooctanoic acid","DTXSID8031865",11827
"Perfluorooctanoic acid","DTXSID8031865",11831
"Perfluorooctanoic acid","DTXSID8031865",11835
"Perfluorooctanoic acid","DTXSID8031865",11839
"Perfluorooctanoic acid","DTXSID8031865",11843
"Perfluorooctanoic acid","DTXSID8031865",11847
"Perfluorooctanoic acid","DTXSID8031865",11851
"Perfluorooctanoic acid","DTXSID8031865",11855
"Perfluorooctanoic acid","DTXSID8031865",11859
"Perfluorooctanoic acid","DTXSID8031865",11863
"Perfluorooctanoic acid","DTXSID8031865",11867
"Perfluorooctanoic acid","DTXSID8031865",11871
"Perfluorooctanoic acid","DTXSID8031865",11875
"Perfluorooctanoic acid","DTXSID8031865",11879
"Perfluorooctanoic acid","DTXSID8031865",11883
"Perfluorooctanoic acid","DTXSID8031865",11887
"Perfluorooctanoic acid","DTXSID8031865",11891
"Perfluorooctanoic acid","DTXSID8031865",11895
"Perfluorooctanoic acid","DTXSID8031865",11899
"Perfluorooctanoic acid","DTXSID8031865",11903
"Perfluorooctanoic acid","DTXSID8031865",11907
"Perfluorooctanoic acid","DTXSID8031865",11911
"Perfluorooctanoic acid","DTXSID8031865",11915
"Perfluorooctanoic acid","DTXSID8031865",11919
"Perfluorooctanoic acid","DTXSID8031865",11923
"Perfluorooctanoic acid","DTXSID8031865",11928
"Fluorotelomer alcohol 8+2","DTXSID7029904",12763
"Fluorotelomer alcohol 8+2","DTXSID7029904",12764
"Fluorotelomer alcohol 8+2","DTXSID7029904",12765
"Fluorotelomer alcohol 8+2","DTXSID7029904",12766
"Fluorotelomer alcohol 8+2","DTXSID7029904",12767
"Fluorotelomer alcohol 8+2","DTXSID7029904",12768
"Fluorotelomer alcohol 8+2","DTXSID7029904",12769
"Fluorotelomer alcohol 8+2","DTXSID7029904",12770
"Fluorotelomer alcohol 8+2","DTXSID7029904",12771
"Fluorotelomer alcohol 8+2","DTXSID7029904",12772
"Fluorotelomer alcohol 8+2","DTXSID7029904",12773
"Fluorotelomer alcohol 8+2","DTXSID7029904",12774
"Fluorotelomer alcohol 8+2","DTXSID7029904",12775
"Fluorotelomer alcohol 8+2","DTXSID7029904",12776
"Fluorotelomer alcohol 8+2","DTXSID7029904",12777
"Fluorotelomer alcohol 8+2","DTXSID7029904",12778
"Fluorotelomer alcohol 8+2","DTXSID7029904",12779
"Fluorotelomer alcohol 8+2","DTXSID7029904",12780
"Fluorotelomer alcohol 8+2","DTXSID7029904",12781
"Fluorotelomer alcohol 8+2","DTXSID7029904",12785
"Fluorotelomer alcohol 8+2","DTXSID7029904",12782
"Fluorotelomer alcohol 8+2","DTXSID7029904",12783
"Fluorotelomer alcohol 8+2","DTXSID7029904",12784
"Fluorotelomer alcohol 8+2","DTXSID7029904",12786
"Fluorotelomer alcohol 8+2","DTXSID7029904",12787
"Fluorotelomer alcohol 8+2","DTXSID7029904",12788
"Fluorotelomer alcohol 8+2","DTXSID7029904",12789
"Fluorotelomer alcohol 8+2","DTXSID7029904",12790
"Fluorotelomer alcohol 8+2","DTXSID7029904",12791
"Fluorotelomer alcohol 8+2","DTXSID7029904",12792
"Fluorotelomer alcohol 8+2","DTXSID7029904",12793
"Fluorotelomer alcohol 8+2","DTXSID7029904",12794
"Fluorotelomer alcohol 8+2","DTXSID7029904",12795
"Fluorotelomer alcohol 8+2","DTXSID7029904",12796
"Fluorotelomer alcohol 8+2","DTXSID7029904",12797
"Fluorotelomer alcohol 8+2","DTXSID7029904",12798
"Fluorotelomer alcohol 8+2","DTXSID7029904",12799
"Fluorotelomer alcohol 8+2","DTXSID7029904",12800
"Methyleugenol ","DTXSID5025607",14634
"Methyleugenol ","DTXSID5025607",14635
"Methyleugenol ","DTXSID5025607",14636
"Methyleugenol ","DTXSID5025607",14637
"Methyleugenol ","DTXSID5025607",14638
"Methyleugenol ","DTXSID5025607",14639
"Methyleugenol ","DTXSID5025607",14640
"Methyleugenol ","DTXSID5025607",14641
"Methyleugenol ","DTXSID5025607",14642
"Methyleugenol ","DTXSID5025607",14643
"Methyleugenol ","DTXSID5025607",14644
"Methyleugenol ","DTXSID5025607",14645
"Methyleugenol ","DTXSID5025607",14646
"Methyleugenol ","DTXSID5025607",14647
"Methyleugenol ","DTXSID5025607",14648
"Methyleugenol ","DTXSID5025607",14649
"Methyleugenol ","DTXSID5025607",14650
"Methyleugenol ","DTXSID5025607",14651
"Methyleugenol ","DTXSID5025607",14652
"Methyleugenol ","DTXSID5025607",14653
"Methyleugenol ","DTXSID5025607",14654
"Methyleugenol ","DTXSID5025607",14655
"Methyleugenol ","DTXSID5025607",14656
"Methyleugenol ","DTXSID5025607",14657
"Methyleugenol ","DTXSID5025607",14658
"Methyleugenol ","DTXSID5025607",14659
"Methyleugenol ","DTXSID5025607",14660
"Methyleugenol ","DTXSID5025607",14661
"Methyleugenol ","DTXSID5025607",14662
"Methyleugenol ","DTXSID5025607",14663
"Methyleugenol ","DTXSID5025607",14664
"Methyleugenol ","DTXSID5025607",14665
"Methyleugenol ","DTXSID5025607",14666
"Methyleugenol ","DTXSID5025607",14667
"Methyleugenol ","DTXSID5025607",14668
"Methyleugenol ","DTXSID5025607",14669
"Methyleugenol","DTXSID5025607",15587
"Methyleugenol","DTXSID5025607",15588
"Methyleugenol","DTXSID5025607",15589
"Methyleugenol","DTXSID5025607",15590
"Methyleugenol","DTXSID5025607",15591
"Methyleugenol","DTXSID5025607",15592
"Methyleugenol","DTXSID5025607",15593
"Methyleugenol","DTXSID5025607",15594
"Methyleugenol","DTXSID5025607",15595
"Methyleugenol","DTXSID5025607",15596
"Methyleugenol","DTXSID5025607",15597
"Methyleugenol","DTXSID5025607",15598
"Methyleugenol","DTXSID5025607",15599
"Methyleugenol","DTXSID5025607",15600
"Methyleugenol","DTXSID5025607",15601
"Methyleugenol","DTXSID5025607",15602
"Methyleugenol","DTXSID5025607",15603
"Methyleugenol","DTXSID5025607",15604
"Methyleugenol","DTXSID5025607",15605
"Methyleugenol","DTXSID5025607",15606
"Methyleugenol","DTXSID5025607",15607
"Methyleugenol","DTXSID5025607",15608
"Methyleugenol","DTXSID5025607",15609
"Methyleugenol","DTXSID5025607",15610
"Naphthalene","DTXSID8020913",15569
"Naphthalene","DTXSID8020913",15570
"Naphthalene","DTXSID8020913",15571
"Naphthalene","DTXSID8020913",15578
"Naphthalene","DTXSID8020913",15579
"Naphthalene","DTXSID8020913",15580
"Naphthalene","DTXSID8020913",15572
"Naphthalene","DTXSID8020913",15573
"Naphthalene","DTXSID8020913",15574
"Naphthalene","DTXSID8020913",15581
"Naphthalene","DTXSID8020913",15582
"Naphthalene","DTXSID8020913",15583
"Naphthalene","DTXSID8020913",15575
"Naphthalene","DTXSID8020913",15576
"Naphthalene","DTXSID8020913",15577
"Naphthalene","DTXSID8020913",15584
"Naphthalene","DTXSID8020913",15585
"Naphthalene","DTXSID8020913",15586
"Methyleugenol","DTXSID5025607",18464
"Methyleugenol","DTXSID5025607",18465
"Methyleugenol","DTXSID5025607",18466
"Methyleugenol","DTXSID5025607",18467
"Methyleugenol","DTXSID5025607",18468
"Methyleugenol","DTXSID5025607",18469
"Methyleugenol","DTXSID5025607",18470
"Methyleugenol","DTXSID5025607",18471
"Methyleugenol","DTXSID5025607",18472
"Methyleugenol","DTXSID5025607",18473
"Methyleugenol","DTXSID5025607",18474
"Methyleugenol","DTXSID5025607",18475
"Methyleugenol","DTXSID5025607",18476
"Methyleugenol","DTXSID5025607",18477
"Methyleugenol","DTXSID5025607",18478
"Methyleugenol","DTXSID5025607",18479
"Methyleugenol","DTXSID5025607",18480
"Methyleugenol","DTXSID5025607",18481
"Methyleugenol","DTXSID5025607",18482
"Methyleugenol","DTXSID5025607",18483
"Methyleugenol","DTXSID5025607",18484
"Methyleugenol","DTXSID5025607",18485
"Methyleugenol","DTXSID5025607",18486
"Methyleugenol","DTXSID5025607",18487
"Methyleugenol","DTXSID5025607",18488
"Methyleugenol","DTXSID5025607",18489
"Methyleugenol","DTXSID5025607",18490
"Methyleugenol","DTXSID5025607",18491
"Methyleugenol","DTXSID5025607",18492
"Methyleugenol","DTXSID5025607",18493
"Methyleugenol","DTXSID5025607",18494
"Methyleugenol","DTXSID5025607",18495
"Methyleugenol","DTXSID5025607",18496
"Methyleugenol","DTXSID5025607",18497
"Methyleugenol","DTXSID5025607",18498
"Methyleugenol","DTXSID5025607",18499
"Methyleugenol","DTXSID5025607",18500
"Methyleugenol","DTXSID5025607",18501
"Methyleugenol","DTXSID5025607",18502
"Methyleugenol","DTXSID5025607",18503
"Methyleugenol","DTXSID5025607",18504
"Methyleugenol","DTXSID5025607",18505
"Methyleugenol","DTXSID5025607",19264
"Methyleugenol","DTXSID5025607",19265
"Methyleugenol","DTXSID5025607",19266
"Methyleugenol","DTXSID5025607",19267
"Methyleugenol","DTXSID5025607",19268
"Methyleugenol","DTXSID5025607",19269
"Methyleugenol","DTXSID5025607",19270
"Methyleugenol","DTXSID5025607",19271
"Methyleugenol","DTXSID5025607",19272
"Methyleugenol","DTXSID5025607",19273
"Methyleugenol","DTXSID5025607",19274
"Methyleugenol","DTXSID5025607",19275
"Methyleugenol","DTXSID5025607",19276
"Methyleugenol","DTXSID5025607",19277
"Methyleugenol","DTXSID5025607",19278
"Methyleugenol","DTXSID5025607",19279
"Methyleugenol","DTXSID5025607",19280
"Methyleugenol","DTXSID5025607",19281
"Methyleugenol","DTXSID5025607",19282
"Methyleugenol","DTXSID5025607",19283
"Methyleugenol","DTXSID5025607",19284
"Methyleugenol","DTXSID5025607",19285
"Methyleugenol","DTXSID5025607",19286
"Methyleugenol","DTXSID5025607",19287
"Methyleugenol","DTXSID5025607",18506
"Methyleugenol","DTXSID5025607",18507
"Methyleugenol","DTXSID5025607",18508
"Methyleugenol","DTXSID5025607",18509
"Methyleugenol","DTXSID5025607",18510
"Methyleugenol","DTXSID5025607",18511
"Methyleugenol","DTXSID5025607",18512
"Methyleugenol","DTXSID5025607",18513
"Methyleugenol","DTXSID5025607",18514
"Methyleugenol","DTXSID5025607",18515
"Methyleugenol","DTXSID5025607",18516
"Methyleugenol","DTXSID5025607",18517
"Methyleugenol","DTXSID5025607",18518
"Methyleugenol","DTXSID5025607",18519
"Methyleugenol","DTXSID5025607",18520
"Methyleugenol","DTXSID5025607",18521
"Methyleugenol","DTXSID5025607",18522
"Methyleugenol","DTXSID5025607",18523
"Methyleugenol","DTXSID5025607",18524
"Methyleugenol","DTXSID5025607",18525
"Methyleugenol","DTXSID5025607",18526
"Methyleugenol","DTXSID5025607",18527
"Methyleugenol","DTXSID5025607",18528
"Methyleugenol","DTXSID5025607",18529
"Methyleugenol","DTXSID5025607",18530
"Methyleugenol","DTXSID5025607",18531
"Methyleugenol","DTXSID5025607",18532
"Methyleugenol","DTXSID5025607",18533
"Methyleugenol","DTXSID5025607",18534
"Methyleugenol","DTXSID5025607",18535
"Methyleugenol","DTXSID5025607",18536
"Methyleugenol","DTXSID5025607",18537
"Methyleugenol","DTXSID5025607",18538
"Methyleugenol","DTXSID5025607",18539
"Methyleugenol","DTXSID5025607",18540
"Methyleugenol","DTXSID5025607",18541
"Methyleugenol","DTXSID5025607",18542
"Methyleugenol","DTXSID5025607",18543
"Methyleugenol","DTXSID5025607",18544
"Methyleugenol","DTXSID5025607",18545
"Methyleugenol","DTXSID5025607",18546
"Methyleugenol","DTXSID5025607",18547
"Methyleugenol","DTXSID5025607",19288
"Methyleugenol","DTXSID5025607",19289
"Methyleugenol","DTXSID5025607",19290
"Methyleugenol","DTXSID5025607",19291
"Methyleugenol","DTXSID5025607",19292
"Methyleugenol","DTXSID5025607",19293
"Methyleugenol","DTXSID5025607",19294
"Methyleugenol","DTXSID5025607",19295
"Methyleugenol","DTXSID5025607",19296
"Methyleugenol","DTXSID5025607",19297
"Methyleugenol","DTXSID5025607",19298
"Methyleugenol","DTXSID5025607",19299
"Methyleugenol","DTXSID5025607",19300
"Methyleugenol","DTXSID5025607",19301
"Methyleugenol","DTXSID5025607",19302
"Methyleugenol","DTXSID5025607",19303
"Methyleugenol","DTXSID5025607",19304
"Methyleugenol","DTXSID5025607",19305
"Methyleugenol","DTXSID5025607",19306
"Methyleugenol","DTXSID5025607",19307
"Methyleugenol","DTXSID5025607",19308
"Methyleugenol","DTXSID5025607",19309
"Methyleugenol","DTXSID5025607",19310
"Methyleugenol","DTXSID5025607",19311
"Methyleugenol","DTXSID5025607",18548
"Methyleugenol","DTXSID5025607",18549
"Methyleugenol","DTXSID5025607",18550
"Methyleugenol","DTXSID5025607",18551
"Methyleugenol","DTXSID5025607",18552
"Methyleugenol","DTXSID5025607",18553
"Methyleugenol","DTXSID5025607",18554
"Methyleugenol","DTXSID5025607",18555
"Methyleugenol","DTXSID5025607",18556
"Methyleugenol","DTXSID5025607",18557
"Methyleugenol","DTXSID5025607",18558
"Methyleugenol","DTXSID5025607",18559
"Methyleugenol","DTXSID5025607",18560
"Methyleugenol","DTXSID5025607",18561
"Methyleugenol","DTXSID5025607",18562
"Methyleugenol","DTXSID5025607",18563
"Methyleugenol","DTXSID5025607",18564
"Methyleugenol","DTXSID5025607",18565
"Methyleugenol","DTXSID5025607",18566
"Methyleugenol","DTXSID5025607",18567
"Methyleugenol","DTXSID5025607",18568
"Methyleugenol","DTXSID5025607",18569
"Methyleugenol","DTXSID5025607",18570
"Methyleugenol","DTXSID5025607",18571
"Methyleugenol","DTXSID5025607",18572
"Methyleugenol","DTXSID5025607",18573
"Methyleugenol","DTXSID5025607",18574
"Methyleugenol","DTXSID5025607",18575
"Methyleugenol","DTXSID5025607",18576
"Methyleugenol","DTXSID5025607",18577
"Methyleugenol","DTXSID5025607",18578
"Methyleugenol","DTXSID5025607",18579
"Methyleugenol","DTXSID5025607",18580
"Methyleugenol","DTXSID5025607",18581
"Methyleugenol","DTXSID5025607",18582
"Methyleugenol","DTXSID5025607",18583
"Methyleugenol","DTXSID5025607",18584
"Methyleugenol","DTXSID5025607",18585
"Methyleugenol","DTXSID5025607",18586
"Methyleugenol","DTXSID5025607",18587
"Methyleugenol","DTXSID5025607",18588
"Methyleugenol","DTXSID5025607",18589
"Methyleugenol","DTXSID5025607",19312
"Methyleugenol","DTXSID5025607",19313
"Methyleugenol","DTXSID5025607",19314
"Methyleugenol","DTXSID5025607",19315
"Methyleugenol","DTXSID5025607",19316
"Methyleugenol","DTXSID5025607",19317
"Methyleugenol","DTXSID5025607",19318
"Methyleugenol","DTXSID5025607",19319
"Methyleugenol","DTXSID5025607",19320
"Methyleugenol","DTXSID5025607",19321
"Methyleugenol","DTXSID5025607",19322
"Methyleugenol","DTXSID5025607",19323
"Methyleugenol","DTXSID5025607",19324
"Methyleugenol","DTXSID5025607",19325
"Methyleugenol","DTXSID5025607",19326
"Methyleugenol","DTXSID5025607",19327
"Methyleugenol","DTXSID5025607",19328
"Methyleugenol","DTXSID5025607",19329
"Methyleugenol","DTXSID5025607",19330
"Methyleugenol","DTXSID5025607",19331
"Methyleugenol","DTXSID5025607",19332
"Methyleugenol","DTXSID5025607",19333
"Methyleugenol","DTXSID5025607",19334
"Methyleugenol","DTXSID5025607",19335
