"CAS","Species","A","param.value.type","sigma_id","sigma_value","Reference","Data.Analyzed","Compound","LogLikelihood","AIC","model","model.type"
"107-06-2","rat",1,"Predicted","sigma2.18",NA,"18","18","1,2-dichloroethane",123.92504736815,-243.8500947363,"flat","analytic"
"107-06-2","rat",0.000201267697691378,"Fitted geometric mean","sigma2.18",0.0358263817292664,"18","18","1,2-dichloroethane",123.92504736815,-243.8500947363,"flat","analytic"
"107-06-2","rat",0.244277176012102,"Fitted geometric std dev","sigma2.18",0.409975423655772,"18","18","1,2-dichloroethane",123.92504736815,-243.8500947363,"flat","analytic"
"123-91-1","rat",1,"Predicted","sigma2.24",NA,"24, 6","Joint Analysis","1,4-dioxane",92.5460176505814,-179.092035301163,"flat","analytic"
"123-91-1","rat",1,"Predicted","sigma2.6",NA,"24, 6","Joint Analysis","1,4-dioxane",92.5460176505814,-179.092035301163,"flat","analytic"
"123-91-1","rat",0.000905223428966081,"Fitted geometric mean","sigma2.24",3.51368117688818,"24, 6","Joint Analysis","1,4-dioxane",92.5460176505814,-179.092035301163,"flat","analytic"
"123-91-1","rat",0.000905223428966081,"Fitted geometric mean","sigma2.6",1.67742287836929,"24, 6","Joint Analysis","1,4-dioxane",92.5460176505814,-179.092035301163,"flat","analytic"
"123-91-1","rat",0.269314298875506,"Fitted geometric std dev","sigma2.24",0.476899653865446,"24, 6","Joint Analysis","1,4-dioxane",92.5460176505814,-179.092035301163,"flat","analytic"
"123-91-1","rat",0.269314298875506,"Fitted geometric std dev","sigma2.6",0.462947579911756,"24, 6","Joint Analysis","1,4-dioxane",92.5460176505814,-179.092035301163,"flat","analytic"
"123-91-1","rat",1,"Predicted","sigma2.24",NA,"24","24","1,4-dioxane",36.3729611326167,-68.7459222652334,"flat","analytic"
"123-91-1","rat",0.0024155750875424,"Fitted geometric mean","sigma2.24",17.2379666356699,"24","24","1,4-dioxane",36.3729611326167,-68.7459222652334,"flat","analytic"
"123-91-1","rat",0.735855010663571,"Fitted geometric std dev","sigma2.24",1.26495156080964,"24","24","1,4-dioxane",36.3729611326167,-68.7459222652334,"flat","analytic"
"123-91-1","rat",1,"Predicted","sigma2.6",NA,"6","6","1,4-dioxane",57.8187837223581,-111.637567444716,"flat","analytic"
"123-91-1","rat",0.000707837220048089,"Fitted geometric mean","sigma2.6",1.12323338540352,"6","6","1,4-dioxane",57.8187837223581,-111.637567444716,"flat","analytic"
"123-91-1","rat",0.251443797329736,"Fitted geometric std dev","sigma2.6",0.421627132213883,"6","6","1,4-dioxane",57.8187837223581,-111.637567444716,"flat","analytic"
"127-00-4","rat",1,"Predicted","sigma2.176",NA,"176","176","1-chloro-2-propanol",576.023961314799,-1148.0479226296,"flat","analytic"
"127-00-4","rat",0.000244834520710227,"Fitted geometric mean","sigma2.176",0.0142790591420315,"176","176","1-chloro-2-propanol",576.023961314799,-1148.0479226296,"flat","analytic"
"127-00-4","rat",0.270009269605422,"Fitted geometric std dev","sigma2.176",0.475735453641716,"176","176","1-chloro-2-propanol",576.023961314799,-1148.0479226296,"flat","analytic"
"1746-01-6","rat",1,"Predicted","sigma2.177",NA,"177","177","2,3,7,8-tetrachlorodibenzo-p-dioxin",56.9217115606737,-109.843423121347,"flat","analytic"
"1746-01-6","rat",0.000340311369230051,"Fitted geometric mean","sigma2.177",1.70843591031181e-07,"177","177","2,3,7,8-tetrachlorodibenzo-p-dioxin",56.9217115606737,-109.843423121347,"flat","analytic"
"1746-01-6","rat",0.484850075317411,"Fitted geometric std dev","sigma2.177",1.53014272594651,"177","177","2,3,7,8-tetrachlorodibenzo-p-dioxin",56.9217115606737,-109.843423121347,"flat","analytic"
"94-75-7","rat",1,"Predicted","sigma2.192",NA,"164, 192","Joint Analysis","2,4-dichlorophenoxyacetic acid",726.631184948193,-1447.26236989639,"flat","analytic"
"94-75-7","rat",1,"Predicted","sigma2.164",NA,"164, 192","Joint Analysis","2,4-dichlorophenoxyacetic acid",726.631184948193,-1447.26236989639,"flat","analytic"
"94-75-7","rat",0.00204039599860783,"Fitted geometric mean","sigma2.192",0.731773071897698,"164, 192","Joint Analysis","2,4-dichlorophenoxyacetic acid",726.631184948193,-1447.26236989639,"flat","analytic"
"94-75-7","rat",0.00204039599860783,"Fitted geometric mean","sigma2.164",0.0168805657091724,"164, 192","Joint Analysis","2,4-dichlorophenoxyacetic acid",726.631184948193,-1447.26236989639,"flat","analytic"
"94-75-7","rat",0.191255637047065,"Fitted geometric std dev","sigma2.192",0.608653126073421,"164, 192","Joint Analysis","2,4-dichlorophenoxyacetic acid",726.631184948193,-1447.26236989639,"flat","analytic"
"94-75-7","rat",0.191255637047065,"Fitted geometric std dev","sigma2.164",0.338003373487818,"164, 192","Joint Analysis","2,4-dichlorophenoxyacetic acid",726.631184948193,-1447.26236989639,"flat","analytic"
"94-75-7","rat",1,"Predicted","sigma2.192",NA,"192","192","2,4-dichlorophenoxyacetic acid",0,Inf,"flat","analytic"
"94-75-7","rat",757.135009582379,"Fitted geometric mean","sigma2.192",60022024039.7412,"192","192","2,4-dichlorophenoxyacetic acid",0,Inf,"flat","analytic"
"94-75-7","rat",4.63702382494573,"Fitted geometric std dev","sigma2.192",9.40020010826069,"192","192","2,4-dichlorophenoxyacetic acid",0,Inf,"flat","analytic"
"94-75-7","rat",1,"Predicted","sigma2.164",NA,"164","164","2,4-dichlorophenoxyacetic acid",548.739612380748,-1093.4792247615,"flat","analytic"
"94-75-7","rat",0.00173183375998648,"Fitted geometric mean","sigma2.164",0.0128068343198696,"164","164","2,4-dichlorophenoxyacetic acid",548.739612380748,-1093.4792247615,"flat","analytic"
"94-75-7","rat",0.160117207142824,"Fitted geometric std dev","sigma2.164",0.280897661281827,"164","164","2,4-dichlorophenoxyacetic acid",548.739612380748,-1093.4792247615,"flat","analytic"
"131-57-7","rat",1,"Predicted","sigma2.129",NA,"129","129","2-hydroxy-4-methoxybenzophenone",2069.98276338456,-4135.96552676912,"flat","analytic"
"131-57-7","rat",1.38471684144648e-05,"Fitted geometric mean","sigma2.129",0.0703247812580407,"129","129","2-hydroxy-4-methoxybenzophenone",2069.98276338456,-4135.96552676912,"flat","analytic"
"131-57-7","rat",0.446042266825716,"Fitted geometric std dev","sigma2.129",0.786927778663768,"129","129","2-hydroxy-4-methoxybenzophenone",2069.98276338456,-4135.96552676912,"flat","analytic"
"693-98-1","rat",1,"Predicted","sigma2.150",NA,"150","150","2-methylimidazole",215.136108670512,-426.272217341025,"flat","analytic"
"693-98-1","rat",0.00045970163318708,"Fitted geometric mean","sigma2.150",0.0171298740614534,"150","150","2-methylimidazole",215.136108670512,-426.272217341025,"flat","analytic"
"693-98-1","rat",0.337693765322767,"Fitted geometric std dev","sigma2.150",0.596840843779555,"150","150","2-methylimidazole",215.136108670512,-426.272217341025,"flat","analytic"
"96-47-9","rat",1,"Predicted","sigma2.175",NA,"175","175","2-methyltetrahydrofuran",0,Inf,"flat","analytic"
"96-47-9","rat",0.00784241624602007,"Fitted geometric mean","sigma2.175",17.1627350852868,"175","175","2-methyltetrahydrofuran",0,Inf,"flat","analytic"
"96-47-9","rat",0.311097808505058,"Fitted geometric std dev","sigma2.175",0.529688350356496,"175","175","2-methyltetrahydrofuran",0,Inf,"flat","analytic"
"57465-28-8","rat",1,"Predicted","sigma2.179",NA,"179","179","3,3',4,4',5-pentachlorobiphenyl",0,Inf,"flat","analytic"
"57465-28-8","rat",1.63240273699182e-06,"Fitted geometric mean","sigma2.179",8.9021550617996,"179","179","3,3',4,4',5-pentachlorobiphenyl",0,Inf,"flat","analytic"
"57465-28-8","rat",1.7015840655062,"Fitted geometric std dev","sigma2.179",3.27418754607519,"179","179","3,3',4,4',5-pentachlorobiphenyl",0,Inf,"flat","analytic"
"822-36-6","rat",1,"Predicted","sigma2.151",NA,"151","151","4-methylimidazole",250.512595549972,-497.025191099944,"flat","analytic"
"822-36-6","rat",0.000901048634014678,"Fitted geometric mean","sigma2.151",0.030645627261769,"151","151","4-methylimidazole",250.512595549972,-497.025191099944,"flat","analytic"
"822-36-6","rat",0.29741925732996,"Fitted geometric std dev","sigma2.151",0.508521565884671,"151","151","4-methylimidazole",250.512595549972,-497.025191099944,"flat","analytic"
"107-13-1","rat",1,"Predicted","sigma2.43",NA,"43","43","acrylonitrile",103.363388253965,-202.726776507929,"flat","analytic"
"107-13-1","rat",0.000930223015563326,"Fitted geometric mean","sigma2.43",0.302541117427873,"43","43","acrylonitrile",103.363388253965,-202.726776507929,"flat","analytic"
"107-13-1","rat",0.604229603493941,"Fitted geometric std dev","sigma2.43",1.03218865379075,"43","43","acrylonitrile",103.363388253965,-202.726776507929,"flat","analytic"
"15972-60-8","rat",1,"Predicted","sigma2.192",NA,"192","192","alachlor",453.178690333412,-902.357380666824,"flat","analytic"
"15972-60-8","rat",1.56086275991452e-05,"Fitted geometric mean","sigma2.192",0.00794269613976734,"192","192","alachlor",453.178690333412,-902.357380666824,"flat","analytic"
"15972-60-8","rat",1.35785471718231,"Fitted geometric std dev","sigma2.192",2.62509292084797,"192","192","alachlor",453.178690333412,-902.357380666824,"flat","analytic"
"546-80-5","rat",1,"Predicted","sigma2.130",NA,"130","130","alpha-thujone",1052.35578360101,-2100.71156720202,"flat","analytic"
"546-80-5","rat",5.96718136056666e-05,"Fitted geometric mean","sigma2.130",0.0127157112637045,"130","130","alpha-thujone",1052.35578360101,-2100.71156720202,"flat","analytic"
"546-80-5","rat",0.429757340971057,"Fitted geometric std dev","sigma2.130",0.732395942444022,"130","130","alpha-thujone",1052.35578360101,-2100.71156720202,"flat","analytic"
"28981-97-7","rat",1,"Predicted","sigma2.193",NA,"193","193","alprazolam",242.122734891871,-480.245469783741,"flat","analytic"
"28981-97-7","rat",4.6785272234821e-05,"Fitted geometric mean","sigma2.193",0.00183260971091515,"193","193","alprazolam",242.122734891871,-480.245469783741,"flat","analytic"
"28981-97-7","rat",0.717310222857891,"Fitted geometric std dev","sigma2.193",1.22451397324053,"193","193","alprazolam",242.122734891871,-480.245469783741,"flat","analytic"
"84-65-1","rat",1,"Predicted","sigma2.166",NA,"166","166","anthraquinone",0,Inf,"flat","analytic"
"84-65-1","rat",0.000345482811340106,"Fitted geometric mean","sigma2.166",2.48178111804036,"166","166","anthraquinone",0,Inf,"flat","analytic"
"84-65-1","rat",0.714594972505275,"Fitted geometric std dev","sigma2.166",1.25877848916723,"166","166","anthraquinone",0,Inf,"flat","analytic"
"60-80-0","rat",1,"Predicted","sigma2.197",NA,"197","197","antipyrine",30.6131496475495,-57.2262992950991,"flat","analytic"
"60-80-0","rat",0.000379122652639216,"Fitted geometric mean","sigma2.197",0.00430272164234051,"197","197","antipyrine",30.6131496475495,-57.2262992950991,"flat","analytic"
"60-80-0","rat",0.281596410175532,"Fitted geometric std dev","sigma2.197",0.519723535752205,"197","197","antipyrine",30.6131496475495,-57.2262992950991,"flat","analytic"
"741-58-2","rat",1,"Predicted","sigma2.192",NA,"192","192","bensulide",0,Inf,"flat","analytic"
"741-58-2","rat",115181756.068914,"Fitted geometric mean","sigma2.192",5.30737921240009e+24,"192","192","bensulide",0,Inf,"flat","analytic"
"741-58-2","rat",6.8812562043887,"Fitted geometric std dev","sigma2.192",14.086570830547,"192","192","bensulide",0,Inf,"flat","analytic"
"50-32-8","rat",1,"Predicted","sigma2.36",NA,"36, 38, 46, 59","Joint Analysis","benzo(a)pyrene",0,Inf,"flat","analytic"
"50-32-8","rat",1,"Predicted","sigma2.38",NA,"36, 38, 46, 59","Joint Analysis","benzo(a)pyrene",0,Inf,"flat","analytic"
"50-32-8","rat",1,"Predicted","sigma2.59",NA,"36, 38, 46, 59","Joint Analysis","benzo(a)pyrene",0,Inf,"flat","analytic"
"50-32-8","rat",1,"Predicted","sigma2.46",NA,"36, 38, 46, 59","Joint Analysis","benzo(a)pyrene",0,Inf,"flat","analytic"
"50-32-8","rat",0.00293512727165506,"Fitted geometric mean","sigma2.36",0.0073461553210388,"36, 38, 46, 59","Joint Analysis","benzo(a)pyrene",0,Inf,"flat","analytic"
"50-32-8","rat",0.00293512727165506,"Fitted geometric mean","sigma2.38",0.0213316946506487,"36, 38, 46, 59","Joint Analysis","benzo(a)pyrene",0,Inf,"flat","analytic"
"50-32-8","rat",0.00293512727165506,"Fitted geometric mean","sigma2.59",1.89939558741174,"36, 38, 46, 59","Joint Analysis","benzo(a)pyrene",0,Inf,"flat","analytic"
"50-32-8","rat",0.00293512727165506,"Fitted geometric mean","sigma2.46",2.40396439926233,"36, 38, 46, 59","Joint Analysis","benzo(a)pyrene",0,Inf,"flat","analytic"
"50-32-8","rat",0.934009749407947,"Fitted geometric std dev","sigma2.36",1.94373049614912,"36, 38, 46, 59","Joint Analysis","benzo(a)pyrene",0,Inf,"flat","analytic"
"50-32-8","rat",0.934009749407947,"Fitted geometric std dev","sigma2.38",1.9525418638073,"36, 38, 46, 59","Joint Analysis","benzo(a)pyrene",0,Inf,"flat","analytic"
"50-32-8","rat",0.934009749407947,"Fitted geometric std dev","sigma2.59",2.02024435505916,"36, 38, 46, 59","Joint Analysis","benzo(a)pyrene",0,Inf,"flat","analytic"
"50-32-8","rat",0.934009749407947,"Fitted geometric std dev","sigma2.46",1.72367388187313,"36, 38, 46, 59","Joint Analysis","benzo(a)pyrene",0,Inf,"flat","analytic"
"50-32-8","rat",1,"Predicted","sigma2.36",NA,"36","36","benzo(a)pyrene",72.5427911895675,-141.085582379135,"flat","analytic"
"50-32-8","rat",0.00126772641821901,"Fitted geometric mean","sigma2.36",0.00162565807603585,"36","36","benzo(a)pyrene",72.5427911895675,-141.085582379135,"flat","analytic"
"50-32-8","rat",1.92719971060122,"Fitted geometric std dev","sigma2.36",3.49086633486656,"36","36","benzo(a)pyrene",72.5427911895675,-141.085582379135,"flat","analytic"
"50-32-8","rat",1,"Predicted","sigma2.38",NA,"38","38","benzo(a)pyrene",117.432139445475,-230.864278890949,"flat","analytic"
"50-32-8","rat",0.000128210262896114,"Fitted geometric mean","sigma2.38",7.1010335422447e-05,"38","38","benzo(a)pyrene",117.432139445475,-230.864278890949,"flat","analytic"
"50-32-8","rat",0.855531738851158,"Fitted geometric std dev","sigma2.38",1.46791306631513,"38","38","benzo(a)pyrene",117.432139445475,-230.864278890949,"flat","analytic"
"50-32-8","rat",1,"Predicted","sigma2.59",NA,"59","59","benzo(a)pyrene",51.1126811788187,-98.2253623576373,"flat","analytic"
"50-32-8","rat",9.49303779982211e-05,"Fitted geometric mean","sigma2.59",0.0035941004323766,"59","59","benzo(a)pyrene",51.1126811788187,-98.2253623576373,"flat","analytic"
"50-32-8","rat",0.893922805931926,"Fitted geometric std dev","sigma2.59",1.52056686045533,"59","59","benzo(a)pyrene",51.1126811788187,-98.2253623576373,"flat","analytic"
"50-32-8","rat",1,"Predicted","sigma2.46",NA,"46","46","benzo(a)pyrene",0,Inf,"flat","analytic"
"50-32-8","rat",0.0333236265346828,"Fitted geometric mean","sigma2.46",213.535951080693,"46","46","benzo(a)pyrene",0,Inf,"flat","analytic"
"50-32-8","rat",1.80491315299018,"Fitted geometric std dev","sigma2.46",3.47183930934643,"46","46","benzo(a)pyrene",0,Inf,"flat","analytic"
"119-61-9","rat",1,"Predicted","sigma2.171",NA,"171","171","benzophenone",2558.36830312155,-5112.73660624309,"flat","analytic"
"119-61-9","rat",5.91758302882117e-05,"Fitted geometric mean","sigma2.171",0.00092076642834551,"171","171","benzophenone",2558.36830312155,-5112.73660624309,"flat","analytic"
"119-61-9","rat",0.10352868797429,"Fitted geometric std dev","sigma2.171",0.185570662337287,"171","171","benzophenone",2558.36830312155,-5112.73660624309,"flat","analytic"
"111-91-1","rat",1,"Predicted","sigma2.155",NA,"155","155","bis 2-chloroethoxy methane",0,Inf,"flat","analytic"
"111-91-1","rat",0.00127484962106107,"Fitted geometric mean","sigma2.155",17.8600843739238,"155","155","bis 2-chloroethoxy methane",0,Inf,"flat","analytic"
"111-91-1","rat",1.00618359662726,"Fitted geometric std dev","sigma2.155",2.00320664229238,"155","155","bis 2-chloroethoxy methane",0,Inf,"flat","analytic"
"80-05-7","rat",1,"Predicted","sigma2.192",NA,"192","192","bisphenol a",69.6972173000902,-135.39443460018,"flat","analytic"
"80-05-7","rat",0.000152403595587127,"Fitted geometric mean","sigma2.192",0.00082199696959186,"192","192","bisphenol a",69.6972173000902,-135.39443460018,"flat","analytic"
"80-05-7","rat",0.780625054910394,"Fitted geometric std dev","sigma2.192",1.77804503273136,"192","192","bisphenol a",69.6972173000902,-135.39443460018,"flat","analytic"
"188425-85-6","rat",1,"Predicted","sigma2.192",NA,"192","192","boscalid",339.544738855634,-675.089477711269,"flat","analytic"
"188425-85-6","rat",6.39461501296723e-05,"Fitted geometric mean","sigma2.192",0.00477386086023211,"192","192","boscalid",339.544738855634,-675.089477711269,"flat","analytic"
"188425-85-6","rat",0.864785954069428,"Fitted geometric std dev","sigma2.192",1.66930920687399,"192","192","boscalid",339.544738855634,-675.089477711269,"flat","analytic"
"147536-97-8","rat",1,"Predicted","sigma2.198",NA,"198","198","bosentan",99.8420711302967,-195.684142260593,"flat","analytic"
"147536-97-8","rat",0.000428699821436147,"Fitted geometric mean","sigma2.198",0.0147972735152673,"198","198","bosentan",99.8420711302967,-195.684142260593,"flat","analytic"
"147536-97-8","rat",1.46570884908053,"Fitted geometric std dev","sigma2.198",2.43814857694622,"198","198","bosentan",99.8420711302967,-195.684142260593,"flat","analytic"
"5589-96-8","rat",1,"Predicted","sigma2.132",NA,"132","132","bromochloroacetic acid",947.676111120511,-1891.35222224102,"flat","analytic"
"5589-96-8","rat",0.000220747823104095,"Fitted geometric mean","sigma2.132",0.0445949392844284,"132","132","bromochloroacetic acid",947.676111120511,-1891.35222224102,"flat","analytic"
"5589-96-8","rat",0.172408405218098,"Fitted geometric std dev","sigma2.132",0.292178814729819,"132","132","bromochloroacetic acid",947.676111120511,-1891.35222224102,"flat","analytic"
"75-27-4","rat",1,"Predicted","sigma2.154",NA,"154","154","bromodichloromethane",420.707351124153,-837.414702248306,"flat","analytic"
"75-27-4","rat",0.000148700793932135,"Fitted geometric mean","sigma2.154",0.0272384739851072,"154","154","bromodichloromethane",420.707351124153,-837.414702248306,"flat","analytic"
"75-27-4","rat",0.595225853191692,"Fitted geometric std dev","sigma2.154",1.08801965757226,"154","154","bromodichloromethane",420.707351124153,-837.414702248306,"flat","analytic"
"63-25-2","rat",1,"Predicted","sigma2.192",NA,"192","192","carbaryl",0,Inf,"flat","analytic"
"63-25-2","rat",0.000568101819914814,"Fitted geometric mean","sigma2.192",66.7823417054626,"192","192","carbaryl",0,Inf,"flat","analytic"
"63-25-2","rat",3.48348233960958,"Fitted geometric std dev","sigma2.192",7.57141798419605,"192","192","carbaryl",0,Inf,"flat","analytic"
"10605-21-7","rat",1,"Predicted","sigma2.201",NA,"201","201","carbendazim",22.1183425035299,-40.2366850070599,"flat","analytic"
"10605-21-7","rat",3.53924487427553e-05,"Fitted geometric mean","sigma2.201",0.235575391706165,"201","201","carbendazim",22.1183425035299,-40.2366850070599,"flat","analytic"
"10605-21-7","rat",1.2583591521243,"Fitted geometric std dev","sigma2.201",2.18948848705957,"201","201","carbendazim",22.1183425035299,-40.2366850070599,"flat","analytic"
"1698-60-8","rat",1,"Predicted","sigma2.192",NA,"192","192","chloridazon",0,Inf,"flat","analytic"
"1698-60-8","rat",0.135444311580961,"Fitted geometric mean","sigma2.192",12169.1339010419,"192","192","chloridazon",0,Inf,"flat","analytic"
"1698-60-8","rat",2.20200949904674,"Fitted geometric std dev","sigma2.192",4.3033541926282,"192","192","chloridazon",0,Inf,"flat","analytic"
"2921-88-2","rat",1,"Predicted","sigma2.202",NA,"202","202","chlorpyrifos",170.407980138197,-336.815960276394,"flat","analytic"
"2921-88-2","rat",2.1606062268853e-05,"Fitted geometric mean","sigma2.202",0.0311117348947559,"202","202","chlorpyrifos",170.407980138197,-336.815960276394,"flat","analytic"
"2921-88-2","rat",1.3128268014446,"Fitted geometric std dev","sigma2.202",2.31266153724619,"202","202","chlorpyrifos",170.407980138197,-336.815960276394,"flat","analytic"
"113136-77-9","rat",1,"Predicted","sigma2.192",NA,"192","192","cyclanilide",514.193509561865,-1024.38701912373,"flat","analytic"
"113136-77-9","rat",0.0161205493228677,"Fitted geometric mean","sigma2.192",0.452308155565134,"192","192","cyclanilide",514.193509561865,-1024.38701912373,"flat","analytic"
"113136-77-9","rat",0.733874941129926,"Fitted geometric std dev","sigma2.192",1.3239005706577,"192","192","cyclanilide",514.193509561865,-1024.38701912373,"flat","analytic"
"59865-13-3","rat",1,"Predicted","sigma2.203",NA,"203, 204","Joint Analysis","cyclosporin a",127.595916729756,-249.191833459513,"flat","analytic"
"59865-13-3","rat",1,"Predicted","sigma2.204",NA,"203, 204","Joint Analysis","cyclosporin a",127.595916729756,-249.191833459513,"flat","analytic"
"59865-13-3","rat",0.000728407032110485,"Fitted geometric mean","sigma2.203",0.00794747129226032,"203, 204","Joint Analysis","cyclosporin a",127.595916729756,-249.191833459513,"flat","analytic"
"59865-13-3","rat",0.000728407032110485,"Fitted geometric mean","sigma2.204",0.00465844531274347,"203, 204","Joint Analysis","cyclosporin a",127.595916729756,-249.191833459513,"flat","analytic"
"59865-13-3","rat",0.227150291906924,"Fitted geometric std dev","sigma2.203",0.455278377647359,"203, 204","Joint Analysis","cyclosporin a",127.595916729756,-249.191833459513,"flat","analytic"
"59865-13-3","rat",0.227150291906924,"Fitted geometric std dev","sigma2.204",0.408152278335274,"203, 204","Joint Analysis","cyclosporin a",127.595916729756,-249.191833459513,"flat","analytic"
"59865-13-3","rat",1,"Predicted","sigma2.203",NA,"203","203","cyclosporin a",59.7753935638545,-115.550787127709,"flat","analytic"
"59865-13-3","rat",0.000709741072866297,"Fitted geometric mean","sigma2.203",0.0076328604149529,"203","203","cyclosporin a",59.7753935638545,-115.550787127709,"flat","analytic"
"59865-13-3","rat",0.441610590820243,"Fitted geometric std dev","sigma2.203",0.740916346894932,"203","203","cyclosporin a",59.7753935638545,-115.550787127709,"flat","analytic"
"59865-13-3","rat",1,"Predicted","sigma2.204",NA,"204","204","cyclosporin a",67.8228055216026,-131.645611043205,"flat","analytic"
"59865-13-3","rat",0.000735017492691376,"Fitted geometric mean","sigma2.204",0.00472255284405253,"204","204","cyclosporin a",67.8228055216026,-131.645611043205,"flat","analytic"
"59865-13-3","rat",0.265297167768784,"Fitted geometric std dev","sigma2.204",0.459776505948801,"204","204","cyclosporin a",67.8228055216026,-131.645611043205,"flat","analytic"
"84-74-2","rat",1,"Predicted","sigma2.135",NA,"135","135","di-n-butyl phthalate",0,Inf,"flat","analytic"
"84-74-2","rat",1897.44091837843,"Fitted geometric mean","sigma2.135",1.6979546418451e+19,"135","135","di-n-butyl phthalate",0,Inf,"flat","analytic"
"84-74-2","rat",18.8144792250433,"Fitted geometric std dev","sigma2.135",42.6266457912812,"135","135","di-n-butyl phthalate",0,Inf,"flat","analytic"
"962-58-3","rat",1,"Predicted","sigma2.192",NA,"192","192","diazinon-o-analog",0,Inf,"flat","analytic"
"962-58-3","rat",0.017292515146659,"Fitted geometric mean","sigma2.192",35.7281225216489,"192","192","diazinon-o-analog",0,Inf,"flat","analytic"
"962-58-3","rat",1.41022756034923,"Fitted geometric std dev","sigma2.192",2.67920378670492,"192","192","diazinon-o-analog",0,Inf,"flat","analytic"
"631-64-1","rat",1,"Predicted","sigma2.133",NA,"133, 153","Joint Analysis","dibromoacetic acid",0,Inf,"flat","analytic"
"631-64-1","rat",1,"Predicted","sigma2.153",NA,"133, 153","Joint Analysis","dibromoacetic acid",0,Inf,"flat","analytic"
"631-64-1","rat",0.00250605248695469,"Fitted geometric mean","sigma2.133",3.06928990528526,"133, 153","Joint Analysis","dibromoacetic acid",0,Inf,"flat","analytic"
"631-64-1","rat",0.00250605248695469,"Fitted geometric mean","sigma2.153",3.23136090048522,"133, 153","Joint Analysis","dibromoacetic acid",0,Inf,"flat","analytic"
"631-64-1","rat",0.269980264898085,"Fitted geometric std dev","sigma2.133",0.52214926526798,"133, 153","Joint Analysis","dibromoacetic acid",0,Inf,"flat","analytic"
"631-64-1","rat",0.269980264898085,"Fitted geometric std dev","sigma2.153",0.483542200032066,"133, 153","Joint Analysis","dibromoacetic acid",0,Inf,"flat","analytic"
"631-64-1","rat",1,"Predicted","sigma2.133",NA,"133","133","dibromoacetic acid",349.234046673619,-694.468093347237,"flat","analytic"
"631-64-1","rat",0.00133582640800079,"Fitted geometric mean","sigma2.133",1.02125468018285,"133","133","dibromoacetic acid",349.234046673619,-694.468093347237,"flat","analytic"
"631-64-1","rat",0.452239315414213,"Fitted geometric std dev","sigma2.133",0.796796397560016,"133","133","dibromoacetic acid",349.234046673619,-694.468093347237,"flat","analytic"
"631-64-1","rat",1,"Predicted","sigma2.153",NA,"153","153","dibromoacetic acid",0,Inf,"flat","analytic"
"631-64-1","rat",0.00314762462579733,"Fitted geometric mean","sigma2.153",4.80415669475008,"153","153","dibromoacetic acid",0,Inf,"flat","analytic"
"631-64-1","rat",0.331331110516348,"Fitted geometric std dev","sigma2.153",0.59545568504099,"153","153","dibromoacetic acid",0,Inf,"flat","analytic"
"79-43-6","rat",1,"Predicted","sigma2.134",NA,"134","134","dichloroacetic acid",337.450447227949,-670.900894455897,"flat","analytic"
"79-43-6","rat",0.000324224390672907,"Fitted geometric mean","sigma2.134",0.0480669303601919,"134","134","dichloroacetic acid",337.450447227949,-670.900894455897,"flat","analytic"
"79-43-6","rat",0.199576313827381,"Fitted geometric std dev","sigma2.134",0.345769876168667,"134","134","dichloroacetic acid",337.450447227949,-670.900894455897,"flat","analytic"
"34933-06-7","rat",1,"Predicted","sigma2.207",NA,"207","207","diltiazem",108.99060076565,-213.981201531301,"flat","analytic"
"34933-06-7","rat",7.04244374019477e-05,"Fitted geometric mean","sigma2.207",0.00575322536971005,"207","207","diltiazem",108.99060076565,-213.981201531301,"flat","analytic"
"34933-06-7","rat",0.623563428924711,"Fitted geometric std dev","sigma2.207",1.06410433459721,"207","207","diltiazem",108.99060076565,-213.981201531301,"flat","analytic"
"87674-68-8","rat",1,"Predicted","sigma2.192",NA,"192","192","dimethenamid",435.213940979642,-866.427881959285,"flat","analytic"
"87674-68-8","rat",7.6572847880307e-05,"Fitted geometric mean","sigma2.192",0.106605396554579,"192","192","dimethenamid",435.213940979642,-866.427881959285,"flat","analytic"
"87674-68-8","rat",1.48689504922976,"Fitted geometric std dev","sigma2.192",2.92915731731357,"192","192","dimethenamid",435.213940979642,-866.427881959285,"flat","analytic"
"76-22-2","rat",1,"Predicted","sigma2.165",NA,"165","165","dl-camphor",398.775596177901,-793.551192355803,"flat","analytic"
"76-22-2","rat",0.000126717431625367,"Fitted geometric mean","sigma2.165",0.0026317140380597,"165","165","dl-camphor",398.775596177901,-793.551192355803,"flat","analytic"
"76-22-2","rat",0.301489133377655,"Fitted geometric std dev","sigma2.165",0.517933758653873,"165","165","dl-camphor",398.775596177901,-793.551192355803,"flat","analytic"
"518-82-1","rat",1,"Predicted","sigma2.160",NA,"160","160","emodin",0,Inf,"flat","analytic"
"518-82-1","rat",0.228853239481559,"Fitted geometric mean","sigma2.160",381709.821498612,"160","160","emodin",0,Inf,"flat","analytic"
"518-82-1","rat",2.19092963729295,"Fitted geometric std dev","sigma2.160",4.42853549895405,"160","160","emodin",0,Inf,"flat","analytic"
"153233-91-1","rat",1,"Predicted","sigma2.192",NA,"192","192","etoxazole",712.370872815112,-1420.74174563022,"flat","analytic"
"153233-91-1","rat",0.000136090216091019,"Fitted geometric mean","sigma2.192",0.00856728442769732,"192","192","etoxazole",712.370872815112,-1420.74174563022,"flat","analytic"
"153233-91-1","rat",0.769115910440149,"Fitted geometric std dev","sigma2.192",1.43164370712756,"192","192","etoxazole",712.370872815112,-1420.74174563022,"flat","analytic"
"60168-88-9","rat",1,"Predicted","sigma2.192",NA,"192","192","fenarimol",343.820868644029,-683.641737288059,"flat","analytic"
"60168-88-9","rat",9.7923201914512e-05,"Fitted geometric mean","sigma2.192",0.00222010951295055,"192","192","fenarimol",343.820868644029,-683.641737288059,"flat","analytic"
"60168-88-9","rat",0.842379146365597,"Fitted geometric std dev","sigma2.192",1.595617765651,"192","192","fenarimol",343.820868644029,-683.641737288059,"flat","analytic"
"142459-58-3","rat",1,"Predicted","sigma2.192",NA,"192","192","flufenacet",688.494198637717,-1372.98839727543,"flat","analytic"
"142459-58-3","rat",6.36032764003839e-05,"Fitted geometric mean","sigma2.192",0.0924860425880624,"192","192","flufenacet",688.494198637717,-1372.98839727543,"flat","analytic"
"142459-58-3","rat",1.37967549759426,"Fitted geometric std dev","sigma2.192",2.58961061110037,"192","192","flufenacet",688.494198637717,-1372.98839727543,"flat","analytic"
"678-39-7","rat",1,"Predicted","sigma2.131",NA,"131","131","fluorotelomer alcohol 8+2",0,Inf,"flat","analytic"
"678-39-7","rat",0.000313645762503488,"Fitted geometric mean","sigma2.131",2.81568291213254,"131","131","fluorotelomer alcohol 8+2",0,Inf,"flat","analytic"
"678-39-7","rat",0.53285935335404,"Fitted geometric std dev","sigma2.131",1.00503749493431,"131","131","fluorotelomer alcohol 8+2",0,Inf,"flat","analytic"
"75-12-7","rat",1,"Predicted","sigma2.172",NA,"172","172","formamide",499.423730030401,-994.847460060802,"flat","analytic"
"75-12-7","rat",0.00142354709743294,"Fitted geometric mean","sigma2.172",0.794746531847101,"172","172","formamide",499.423730030401,-994.847460060802,"flat","analytic"
"75-12-7","rat",0.115155126920477,"Fitted geometric std dev","sigma2.172",0.198824866063366,"172","172","formamide",499.423730030401,-994.847460060802,"flat","analytic"
"23422-53-9","rat",1,"Predicted","sigma2.192",NA,"192","192","formetanate hydrochloride",0,Inf,"flat","analytic"
"23422-53-9","rat",3.9751780786774e-05,"Fitted geometric mean","sigma2.192",1.20121114381121,"192","192","formetanate hydrochloride",0,Inf,"flat","analytic"
"23422-53-9","rat",4.0769955121924,"Fitted geometric std dev","sigma2.192",9.49878270118335,"192","192","formetanate hydrochloride",0,Inf,"flat","analytic"
"75-15-0","rat",1,"Predicted","sigma2.167",NA,"167","167","free carbon disulfide",104.23793780886,-204.475875617721,"flat","analytic"
"75-15-0","rat",0.000202602836243016,"Fitted geometric mean","sigma2.167",0.0171271474629785,"167","167","free carbon disulfide",104.23793780886,-204.475875617721,"flat","analytic"
"75-15-0","rat",0.336933264414701,"Fitted geometric std dev","sigma2.167",0.594181394918772,"167","167","free carbon disulfide",104.23793780886,-204.475875617721,"flat","analytic"
"25812-30-0","rat",1,"Predicted","sigma2.163",NA,"163","163","gemfibrozil",636.842502734366,-1269.68500546873,"flat","analytic"
"25812-30-0","rat",0.000429893906583907,"Fitted geometric mean","sigma2.163",0.0776030853909194,"163","163","gemfibrozil",636.842502734366,-1269.68500546873,"flat","analytic"
"25812-30-0","rat",0.272345292340057,"Fitted geometric std dev","sigma2.163",0.450597526113033,"163","163","gemfibrozil",636.842502734366,-1269.68500546873,"flat","analytic"
"563-96-2","rat",1,"Predicted","sigma2.156",NA,"156","156","glyoxylic acid monohydrate",141.82743041586,-279.654860831719,"flat","analytic"
"563-96-2","rat",0.000366506843666539,"Fitted geometric mean","sigma2.156",0.0266155351691753,"156","156","glyoxylic acid monohydrate",141.82743041586,-279.654860831719,"flat","analytic"
"563-96-2","rat",0.192812129113304,"Fitted geometric std dev","sigma2.156",0.327798013682405,"156","156","glyoxylic acid monohydrate",141.82743041586,-279.654860831719,"flat","analytic"
"118-74-1","rat",1,"Predicted","sigma2.174",NA,"174, 180","Joint Analysis","hexachlorobenzene",4434.74622651398,-8863.49245302796,"flat","analytic"
"118-74-1","rat",1,"Predicted","sigma2.180",NA,"174, 180","Joint Analysis","hexachlorobenzene",4434.74622651398,-8863.49245302796,"flat","analytic"
"118-74-1","rat",0.000201815167910667,"Fitted geometric mean","sigma2.174",0.000223932118452091,"174, 180","Joint Analysis","hexachlorobenzene",4434.74622651398,-8863.49245302796,"flat","analytic"
"118-74-1","rat",0.000201815167910667,"Fitted geometric mean","sigma2.180",0.00687453267332007,"174, 180","Joint Analysis","hexachlorobenzene",4434.74622651398,-8863.49245302796,"flat","analytic"
"118-74-1","rat",0.0888515954719427,"Fitted geometric std dev","sigma2.174",0.144844333185456,"174, 180","Joint Analysis","hexachlorobenzene",4434.74622651398,-8863.49245302796,"flat","analytic"
"118-74-1","rat",0.0888515954719427,"Fitted geometric std dev","sigma2.180",0.17791227200736,"174, 180","Joint Analysis","hexachlorobenzene",4434.74622651398,-8863.49245302796,"flat","analytic"
"118-74-1","rat",1,"Predicted","sigma2.174",NA,"174","174","hexachlorobenzene",2996.93396672437,-5989.86793344874,"flat","analytic"
"118-74-1","rat",0.000247596802208606,"Fitted geometric mean","sigma2.174",0.000307259420210502,"174","174","hexachlorobenzene",2996.93396672437,-5989.86793344874,"flat","analytic"
"118-74-1","rat",0.107754280934225,"Fitted geometric std dev","sigma2.174",0.179851584280397,"174","174","hexachlorobenzene",2996.93396672437,-5989.86793344874,"flat","analytic"
"118-74-1","rat",1,"Predicted","sigma2.180",NA,"180","180","hexachlorobenzene",1448.56548404152,-2893.13096808303,"flat","analytic"
"118-74-1","rat",0.000119881384278325,"Fitted geometric mean","sigma2.180",0.00266441652768869,"180","180","hexachlorobenzene",1448.56548404152,-2893.13096808303,"flat","analytic"
"118-74-1","rat",0.0871926697394741,"Fitted geometric std dev","sigma2.180",0.163659901593439,"180","180","hexachlorobenzene",1448.56548404152,-2893.13096808303,"flat","analytic"
"15307-86-5","rat",1,"Predicted","sigma2.206",NA,"206, 209","Joint Analysis","hexobarbital",72.1673079041025,-138.334615808205,"flat","analytic"
"15307-86-5","rat",1,"Predicted","sigma2.209",NA,"206, 209","Joint Analysis","hexobarbital",72.1673079041025,-138.334615808205,"flat","analytic"
"15307-86-5","rat",0.000420227092399556,"Fitted geometric mean","sigma2.206",0.00645456131965988,"206, 209","Joint Analysis","hexobarbital",72.1673079041025,-138.334615808205,"flat","analytic"
"15307-86-5","rat",0.000420227092399556,"Fitted geometric mean","sigma2.209",0.0337525353306984,"206, 209","Joint Analysis","hexobarbital",72.1673079041025,-138.334615808205,"flat","analytic"
"15307-86-5","rat",0.263226737048363,"Fitted geometric std dev","sigma2.206",0.57030015157192,"206, 209","Joint Analysis","hexobarbital",72.1673079041025,-138.334615808205,"flat","analytic"
"15307-86-5","rat",0.263226737048363,"Fitted geometric std dev","sigma2.209",0.38359036802775,"206, 209","Joint Analysis","hexobarbital",72.1673079041025,-138.334615808205,"flat","analytic"
"15307-86-5","rat",1,"Predicted","sigma2.206",NA,"206","206","hexobarbital",54.183322836368,-104.366645672736,"flat","analytic"
"15307-86-5","rat",0.000296550799006474,"Fitted geometric mean","sigma2.206",0.00344681610345361,"206","206","hexobarbital",54.183322836368,-104.366645672736,"flat","analytic"
"15307-86-5","rat",0.184671397593137,"Fitted geometric std dev","sigma2.206",0.356294900454318,"206","206","hexobarbital",54.183322836368,-104.366645672736,"flat","analytic"
"15307-86-5","rat",1,"Predicted","sigma2.209",NA,"209","209","hexobarbital",20.8674915621803,-37.7349831243606,"flat","analytic"
"15307-86-5","rat",0.000839605179420294,"Fitted geometric mean","sigma2.209",0.081627642363724,"209","209","hexobarbital",20.8674915621803,-37.7349831243606,"flat","analytic"
"15307-86-5","rat",0.460161320283713,"Fitted geometric std dev","sigma2.209",0.773947521822083,"209","209","hexobarbital",20.8674915621803,-37.7349831243606,"flat","analytic"
"15687-27-1","rat",1,"Predicted","sigma2.210",NA,"210","210","ibuprofen",83.6083003740072,-163.216600748014,"flat","analytic"
"15687-27-1","rat",0.00310346670970035,"Fitted geometric mean","sigma2.210",0.424736547353543,"210","210","ibuprofen",83.6083003740072,-163.216600748014,"flat","analytic"
"15687-27-1","rat",0.939524321809482,"Fitted geometric std dev","sigma2.210",1.58841890744406,"210","210","ibuprofen",83.6083003740072,-163.216600748014,"flat","analytic"
"35554-44-0","rat",1,"Predicted","sigma2.192",NA,"192","192","imazalil",0,Inf,"flat","analytic"
"35554-44-0","rat",3.24262522552534,"Fitted geometric mean","sigma2.192",2057931422.97089,"192","192","imazalil",0,Inf,"flat","analytic"
"35554-44-0","rat",6.30580246077316,"Fitted geometric std dev","sigma2.192",13.3481987364486,"192","192","imazalil",0,Inf,"flat","analytic"
"138261-41-3","rat",1,"Predicted","sigma2.192",NA,"192","192","imidacloprid",424.657033009837,-845.314066019674,"flat","analytic"
"138261-41-3","rat",0.00116669408410335,"Fitted geometric mean","sigma2.192",0.142908616618313,"192","192","imidacloprid",424.657033009837,-845.314066019674,"flat","analytic"
"138261-41-3","rat",0.585185390673252,"Fitted geometric std dev","sigma2.192",1.07705033889087,"192","192","imidacloprid",424.657033009837,-845.314066019674,"flat","analytic"
"50-49-7","rat",1,"Predicted","sigma2.212",NA,"211, 212","Joint Analysis","imipramine",97.0626536012199,-188.12530720244,"flat","analytic"
"50-49-7","rat",1,"Predicted","sigma2.211",NA,"211, 212","Joint Analysis","imipramine",97.0626536012199,-188.12530720244,"flat","analytic"
"50-49-7","rat",8.79255291862775e-05,"Fitted geometric mean","sigma2.212",0.00157910237886001,"211, 212","Joint Analysis","imipramine",97.0626536012199,-188.12530720244,"flat","analytic"
"50-49-7","rat",8.79255291862775e-05,"Fitted geometric mean","sigma2.211",0.139203228953489,"211, 212","Joint Analysis","imipramine",97.0626536012199,-188.12530720244,"flat","analytic"
"50-49-7","rat",0.564162566453787,"Fitted geometric std dev","sigma2.212",0.875973841199206,"211, 212","Joint Analysis","imipramine",97.0626536012199,-188.12530720244,"flat","analytic"
"50-49-7","rat",0.564162566453787,"Fitted geometric std dev","sigma2.211",1.38042421158636,"211, 212","Joint Analysis","imipramine",97.0626536012199,-188.12530720244,"flat","analytic"
"50-49-7","rat",1,"Predicted","sigma2.212",NA,"212","212","imipramine",34.9553432176314,-65.9106864352628,"flat","analytic"
"50-49-7","rat",0.000128847830201685,"Fitted geometric mean","sigma2.212",0.00277244596380723,"212","212","imipramine",34.9553432176314,-65.9106864352628,"flat","analytic"
"50-49-7","rat",0.732715845671651,"Fitted geometric std dev","sigma2.212",1.2288431770511,"212","212","imipramine",34.9553432176314,-65.9106864352628,"flat","analytic"
"50-49-7","rat",1,"Predicted","sigma2.211",NA,"211","211","imipramine",72.2620697799795,-140.524139559959,"flat","analytic"
"50-49-7","rat",1.32722748705253e-06,"Fitted geometric mean","sigma2.211",3.46777460270938e-05,"211","211","imipramine",72.2620697799795,-140.524139559959,"flat","analytic"
"50-49-7","rat",0.183904880593843,"Fitted geometric std dev","sigma2.211",0.383362032355484,"211","211","imipramine",72.2620697799795,-140.524139559959,"flat","analytic"
"97-54-1","rat",1,"Predicted","sigma2.157",NA,"157","157","isoeugenol",2009.71324900361,-4015.42649800721,"flat","analytic"
"97-54-1","rat",1.19874937674746e-05,"Fitted geometric mean","sigma2.157",0.00190116939452683,"157","157","isoeugenol",2009.71324900361,-4015.42649800721,"flat","analytic"
"97-54-1","rat",0.129992191056993,"Fitted geometric std dev","sigma2.157",0.22678695753068,"157","157","isoeugenol",2009.71324900361,-4015.42649800721,"flat","analytic"
"299-42-3","rat",1,"Predicted","sigma2.136",NA,"136","136","l-ephedrine",846.856253920809,-1689.71250784162,"flat","analytic"
"299-42-3","rat",4.85410673299899e-05,"Fitted geometric mean","sigma2.136",0.00224790069842099,"136","136","l-ephedrine",846.856253920809,-1689.71250784162,"flat","analytic"
"299-42-3","rat",0.229205654016111,"Fitted geometric std dev","sigma2.136",0.402721328774586,"136","136","l-ephedrine",846.856253920809,-1689.71250784162,"flat","analytic"
"67-56-1","rat",1,"Predicted","sigma2.17",NA,"17","17","methanol",16.746788600612,-29.4935772012239,"flat","analytic"
"67-56-1","rat",0.000574862382686964,"Fitted geometric mean","sigma2.17",0.0404845107284931,"17","17","methanol",16.746788600612,-29.4935772012239,"flat","analytic"
"67-56-1","rat",0.245937196396526,"Fitted geometric std dev","sigma2.17",0.462484930341932,"17","17","methanol",16.746788600612,-29.4935772012239,"flat","analytic"
"1634-04-4","human",1,"Predicted","sigma2.51",NA,"51","51","methyl tert-butyl ether",175.36227855581,-346.72455711162,"flat","analytic"
"1634-04-4","human",6.65531223957225e-05,"Fitted geometric mean","sigma2.51",1.87481952071146e-05,"51","51","methyl tert-butyl ether",175.36227855581,-346.72455711162,"flat","analytic"
"1634-04-4","human",0.427840153400513,"Fitted geometric std dev","sigma2.51",0.711000374425271,"51","51","methyl tert-butyl ether",175.36227855581,-346.72455711162,"flat","analytic"
"75-09-2","rat",1,"Predicted","sigma2.18",NA,"18","18","methylene chloride",79.2532969109419,-154.506593821884,"flat","analytic"
"75-09-2","rat",0.000375042590427213,"Fitted geometric mean","sigma2.18",0.06421291384878,"18","18","methylene chloride",79.2532969109419,-154.506593821884,"flat","analytic"
"75-09-2","rat",0.208888265581573,"Fitted geometric std dev","sigma2.18",0.354006918712941,"18","18","methylene chloride",79.2532969109419,-154.506593821884,"flat","analytic"
"93-15-2","rat",1,"Predicted","sigma2.158",NA,"158, 170","Joint Analysis","methyleugenol",2621.79895386864,-5237.59790773728,"flat","analytic"
"93-15-2","rat",1,"Predicted","sigma2.170",NA,"158, 170","Joint Analysis","methyleugenol",2621.79895386864,-5237.59790773728,"flat","analytic"
"93-15-2","rat",8.20675260656158e-05,"Fitted geometric mean","sigma2.158",0.0160419543411875,"158, 170","Joint Analysis","methyleugenol",2621.79895386864,-5237.59790773728,"flat","analytic"
"93-15-2","rat",8.20675260656158e-05,"Fitted geometric mean","sigma2.170",0.13724954224743,"158, 170","Joint Analysis","methyleugenol",2621.79895386864,-5237.59790773728,"flat","analytic"
"93-15-2","rat",0.186074964973156,"Fitted geometric std dev","sigma2.158",0.284975898524884,"158, 170","Joint Analysis","methyleugenol",2621.79895386864,-5237.59790773728,"flat","analytic"
"93-15-2","rat",0.186074964973156,"Fitted geometric std dev","sigma2.170",0.370487857262509,"158, 170","Joint Analysis","methyleugenol",2621.79895386864,-5237.59790773728,"flat","analytic"
"93-15-2","rat",1,"Predicted","sigma2.158",NA,"158","158","methyleugenol",461.083205050865,-918.166410101729,"flat","analytic"
"93-15-2","rat",0.00057188195264951,"Fitted geometric mean","sigma2.158",0.347631997351515,"158","158","methyleugenol",461.083205050865,-918.166410101729,"flat","analytic"
"93-15-2","rat",0.430020348601198,"Fitted geometric std dev","sigma2.158",0.779993879936422,"158","158","methyleugenol",461.083205050865,-918.166410101729,"flat","analytic"
"93-15-2","rat",1,"Predicted","sigma2.170",NA,"170","170","methyleugenol",2225.87743010567,-4447.75486021134,"flat","analytic"
"93-15-2","rat",1.24024984339537e-05,"Fitted geometric mean","sigma2.170",0.00457635212466144,"170","170","methyleugenol",2225.87743010567,-4447.75486021134,"flat","analytic"
"93-15-2","rat",0.129137132838662,"Fitted geometric std dev","sigma2.170",0.222514827881533,"170","170","methyleugenol",2225.87743010567,-4447.75486021134,"flat","analytic"
"59467-70-8","rat",1,"Predicted","sigma2.217",NA,"217","217","midazolam",126.412495528451,-248.824991056901,"flat","analytic"
"59467-70-8","rat",6.53146167178042e-05,"Fitted geometric mean","sigma2.217",0.0047129879090863,"217","217","midazolam",126.412495528451,-248.824991056901,"flat","analytic"
"59467-70-8","rat",1.03821184065633,"Fitted geometric std dev","sigma2.217",1.80278755469806,"217","217","midazolam",126.412495528451,-248.824991056901,"flat","analytic"
"91-20-3","rat",1,"Predicted","sigma2.169",NA,"169","169","naphthalene",779.71068507207,-1555.42137014414,"flat","analytic"
"91-20-3","rat",0.000796450671741287,"Fitted geometric mean","sigma2.169",0.0823373995887998,"169","169","naphthalene",779.71068507207,-1555.42137014414,"flat","analytic"
"91-20-3","rat",0.413051560703168,"Fitted geometric std dev","sigma2.169",0.74840551918987,"169","169","naphthalene",779.71068507207,-1555.42137014414,"flat","analytic"
"75530-68-6","rat",1,"Predicted","sigma2.219",NA,"219","219","nilvadipine",0,Inf,"flat","analytic"
"75530-68-6","rat",0.00276615384906874,"Fitted geometric mean","sigma2.219",4.00014400551794,"219","219","nilvadipine",0,Inf,"flat","analytic"
"75530-68-6","rat",2.36922219662218,"Fitted geometric std dev","sigma2.219",4.29607176246449,"219","219","nilvadipine",0,Inf,"flat","analytic"
"14797-65-0","rat",1,"Predicted","sigma2.137",NA,"137","137","nitrite",335.867044341132,-667.734088682264,"flat","analytic"
"14797-65-0","rat",0.000298652157179936,"Fitted geometric mean","sigma2.137",0.0807034385729602,"137","137","nitrite",335.867044341132,-667.734088682264,"flat","analytic"
"14797-65-0","rat",0.284251126874186,"Fitted geometric std dev","sigma2.137",0.520725649739998,"137","137","nitrite",335.867044341132,-667.734088682264,"flat","analytic"
"116714-46-6","rat",1,"Predicted","sigma2.192",NA,"192","192","novaluron",557.227197191087,-1110.45439438217,"flat","analytic"
"116714-46-6","rat",0.000106888526242441,"Fitted geometric mean","sigma2.192",0.000420750482917165,"192","192","novaluron",557.227197191087,-1110.45439438217,"flat","analytic"
"116714-46-6","rat",0.345502908234593,"Fitted geometric std dev","sigma2.192",0.592424104848214,"192","192","novaluron",557.227197191087,-1110.45439438217,"flat","analytic"
"140-66-9","rat",1,"Predicted","sigma2.60",NA,"60","60","octylphenol",0,Inf,"flat","analytic"
"140-66-9","rat",0.000277124963019631,"Fitted geometric mean","sigma2.60",1.08534903426447,"60","60","octylphenol",0,Inf,"flat","analytic"
"140-66-9","rat",0.949837454857399,"Fitted geometric std dev","sigma2.60",1.65025825717488,"60","60","octylphenol",0,Inf,"flat","analytic"
"99614-02-5","rat",1,"Predicted","sigma2.220",NA,"220","220","ondansetron",399.302928386063,-794.605856772127,"flat","analytic"
"99614-02-5","rat",0.00061647144796346,"Fitted geometric mean","sigma2.220",0.0841922601279008,"220","220","ondansetron",399.302928386063,-794.605856772127,"flat","analytic"
"99614-02-5","rat",0.568871173368475,"Fitted geometric std dev","sigma2.220",0.985073672471849,"220","220","ondansetron",399.302928386063,-794.605856772127,"flat","analytic"
"604-75-1","rat",1,"Predicted","sigma2.159",NA,"159","159","oxazepam",776.083523149639,-1548.16704629928,"flat","analytic"
"604-75-1","rat",1.35733287999809e-05,"Fitted geometric mean","sigma2.159",0.0028632899574702,"159","159","oxazepam",776.083523149639,-1548.16704629928,"flat","analytic"
"604-75-1","rat",0.0968371090574122,"Fitted geometric std dev","sigma2.159",0.1977028105748,"159","159","oxazepam",776.083523149639,-1548.16704629928,"flat","analytic"
"434-07-1","rat",1,"Predicted","sigma2.168",NA,"168","168","oxymetholone",293.904115017248,-583.808230034496,"flat","analytic"
"434-07-1","rat",5.93823629563678e-05,"Fitted geometric mean","sigma2.168",0.0261345488423335,"168","168","oxymetholone",293.904115017248,-583.808230034496,"flat","analytic"
"434-07-1","rat",0.687750183619998,"Fitted geometric std dev","sigma2.168",1.19151241837513,"168","168","oxymetholone",293.904115017248,-583.808230034496,"flat","analytic"
"87-86-5","rat",1,"Predicted","sigma2.161",NA,"161","161","pentachlorophenol, purified",479.450779639129,-954.901559278257,"flat","analytic"
"87-86-5","rat",0.00245427684409628,"Fitted geometric mean","sigma2.161",0.167012341201589,"161","161","pentachlorophenol, purified",479.450779639129,-954.901559278257,"flat","analytic"
"87-86-5","rat",0.107132925128851,"Fitted geometric std dev","sigma2.161",0.193740535313788,"161","161","pentachlorophenol, purified",479.450779639129,-954.901559278257,"flat","analytic"
"335-76-2","rat",1,"Predicted","sigma2.147",NA,"147","147","perfluorodecanoic acid",937.622519612241,-1871.24503922448,"flat","analytic"
"335-76-2","rat",0.00306888536668503,"Fitted geometric mean","sigma2.147",0.0568112615792154,"147","147","perfluorodecanoic acid",937.622519612241,-1871.24503922448,"flat","analytic"
"335-76-2","rat",0.098943273491518,"Fitted geometric std dev","sigma2.147",0.169733520986029,"147","147","perfluorodecanoic acid",937.622519612241,-1871.24503922448,"flat","analytic"
"3871-99-6","rat",1,"Predicted","sigma2.143",NA,"143","143","perfluorohexane-1-sulphonic acid – potassium salt",568.864401015191,-1133.72880203038,"flat","analytic"
"3871-99-6","rat",0.0116200415395349,"Fitted geometric mean","sigma2.143",1.51692317987594,"143","143","perfluorohexane-1-sulphonic acid – potassium salt",568.864401015191,-1133.72880203038,"flat","analytic"
"3871-99-6","rat",0.240041790576522,"Fitted geometric std dev","sigma2.143",0.409054610018972,"143","143","perfluorohexane-1-sulphonic acid – potassium salt",568.864401015191,-1133.72880203038,"flat","analytic"
"307-24-4","rat",1,"Predicted","sigma2.145",NA,"145","145","perfluorohexanoic acid",0,Inf,"flat","analytic"
"307-24-4","rat",0.0282568830259537,"Fitted geometric mean","sigma2.145",1288.53370716764,"145","145","perfluorohexanoic acid",0,Inf,"flat","analytic"
"307-24-4","rat",0.654631016195316,"Fitted geometric std dev","sigma2.145",1.27223097914823,"145","145","perfluorohexanoic acid",0,Inf,"flat","analytic"
"45298-90-6","rat",1,"Predicted","sigma2.148",NA,"148","148","perfluorooctane sulfonate",724.611492505645,-1445.22298501129,"flat","analytic"
"45298-90-6","rat",0.00650086690369607,"Fitted geometric mean","sigma2.148",0.331940471117136,"148","148","perfluorooctane sulfonate",724.611492505645,-1445.22298501129,"flat","analytic"
"45298-90-6","rat",0.238693402664321,"Fitted geometric std dev","sigma2.148",0.392688873687628,"148","148","perfluorooctane sulfonate",724.611492505645,-1445.22298501129,"flat","analytic"
"335-67-1","rat",1,"Predicted","sigma2.192",NA,"146, 192","Joint Analysis","perfluorooctanoic acid",0,Inf,"flat","analytic"
"335-67-1","rat",1,"Predicted","sigma2.146",NA,"146, 192","Joint Analysis","perfluorooctanoic acid",0,Inf,"flat","analytic"
"335-67-1","rat",0.196989795807997,"Fitted geometric mean","sigma2.192",10.2415299212268,"146, 192","Joint Analysis","perfluorooctanoic acid",0,Inf,"flat","analytic"
"335-67-1","rat",0.196989795807997,"Fitted geometric mean","sigma2.146",6396.05416786141,"146, 192","Joint Analysis","perfluorooctanoic acid",0,Inf,"flat","analytic"
"335-67-1","rat",0.579686714443961,"Fitted geometric std dev","sigma2.192",1.16141984076639,"146, 192","Joint Analysis","perfluorooctanoic acid",0,Inf,"flat","analytic"
"335-67-1","rat",0.579686714443961,"Fitted geometric std dev","sigma2.146",1.05166514844637,"146, 192","Joint Analysis","perfluorooctanoic acid",0,Inf,"flat","analytic"
"335-67-1","rat",1,"Predicted","sigma2.192",NA,"192","192","perfluorooctanoic acid",595.21310974684,-1186.42621949368,"flat","analytic"
"335-67-1","rat",0.000890188427150305,"Fitted geometric mean","sigma2.192",0.000260065983720955,"192","192","perfluorooctanoic acid",595.21310974684,-1186.42621949368,"flat","analytic"
"335-67-1","rat",0.0456039732850034,"Fitted geometric std dev","sigma2.192",0.112727374755531,"192","192","perfluorooctanoic acid",595.21310974684,-1186.42621949368,"flat","analytic"
"335-67-1","rat",1,"Predicted","sigma2.146",NA,"146","146","perfluorooctanoic acid",0,Inf,"flat","analytic"
"335-67-1","rat",4.2948230850094,"Fitted geometric mean","sigma2.146",1868124.84531655,"146","146","perfluorooctanoic acid",0,Inf,"flat","analytic"
"335-67-1","rat",0.900764236076628,"Fitted geometric std dev","sigma2.146",1.71969203713529,"146","146","perfluorooctanoic acid",0,Inf,"flat","analytic"
"52645-53-1","rat",1,"Predicted","sigma2.192",NA,"192","192","permethrin",331.174255910001,-658.348511820002,"flat","analytic"
"52645-53-1","rat",7.48848373729105e-06,"Fitted geometric mean","sigma2.192",0.000281248033674037,"192","192","permethrin",331.174255910001,-658.348511820002,"flat","analytic"
"52645-53-1","rat",0.495816186628403,"Fitted geometric std dev","sigma2.192",0.976181802864192,"192","192","permethrin",331.174255910001,-658.348511820002,"flat","analytic"
"62-44-2","human",1,"Predicted","sigma2.14",NA,"14","14","phenacetin",289.490218545605,-574.980437091211,"flat","analytic"
"62-44-2","human",0.00058833289616699,"Fitted geometric mean","sigma2.14",0.0539428552714357,"14","14","phenacetin",289.490218545605,-574.980437091211,"flat","analytic"
"62-44-2","human",0.541203582967206,"Fitted geometric std dev","sigma2.14",1.01248657572445,"14","14","phenacetin",289.490218545605,-574.980437091211,"flat","analytic"
"62-44-2","human",1,"Predicted","sigma2.14",NA,"14","14","phenacetin",289.490218545605,-574.980437091211,"flat","analytic"
"62-44-2","human",0.00058833289616699,"Fitted geometric mean","sigma2.14",0.0539428552714357,"14","14","phenacetin",289.490218545605,-574.980437091211,"flat","analytic"
"62-44-2","human",0.541203582967206,"Fitted geometric std dev","sigma2.14",1.01248657572445,"14","14","phenacetin",289.490218545605,-574.980437091211,"flat","analytic"
"62-44-2","rat",1,"Predicted","sigma2.67",NA,"1, 221, 62, 63, 67","Joint Analysis","phenacetin",0,Inf,"flat","analytic"
"62-44-2","rat",1,"Predicted","sigma2.63",NA,"1, 221, 62, 63, 67","Joint Analysis","phenacetin",0,Inf,"flat","analytic"
"62-44-2","rat",1,"Predicted","sigma2.1",NA,"1, 221, 62, 63, 67","Joint Analysis","phenacetin",0,Inf,"flat","analytic"
"62-44-2","rat",1,"Predicted","sigma2.62",NA,"1, 221, 62, 63, 67","Joint Analysis","phenacetin",0,Inf,"flat","analytic"
"62-44-2","rat",1,"Predicted","sigma2.221",NA,"1, 221, 62, 63, 67","Joint Analysis","phenacetin",0,Inf,"flat","analytic"
"62-44-2","rat",0.000618533804114762,"Fitted geometric mean","sigma2.67",0.337984957293145,"1, 221, 62, 63, 67","Joint Analysis","phenacetin",0,Inf,"flat","analytic"
"62-44-2","rat",0.000618533804114762,"Fitted geometric mean","sigma2.63",6.34927646840838,"1, 221, 62, 63, 67","Joint Analysis","phenacetin",0,Inf,"flat","analytic"
"62-44-2","rat",0.000618533804114762,"Fitted geometric mean","sigma2.1",0.695199884063899,"1, 221, 62, 63, 67","Joint Analysis","phenacetin",0,Inf,"flat","analytic"
"62-44-2","rat",0.000618533804114762,"Fitted geometric mean","sigma2.62",7.29871995508827,"1, 221, 62, 63, 67","Joint Analysis","phenacetin",0,Inf,"flat","analytic"
"62-44-2","rat",0.000618533804114762,"Fitted geometric mean","sigma2.221",0.00884485171916116,"1, 221, 62, 63, 67","Joint Analysis","phenacetin",0,Inf,"flat","analytic"
"62-44-2","rat",0.191679593473562,"Fitted geometric std dev","sigma2.67",1.02213585962358,"1, 221, 62, 63, 67","Joint Analysis","phenacetin",0,Inf,"flat","analytic"
"62-44-2","rat",0.191679593473562,"Fitted geometric std dev","sigma2.63",0.770971387418161,"1, 221, 62, 63, 67","Joint Analysis","phenacetin",0,Inf,"flat","analytic"
"62-44-2","rat",0.191679593473562,"Fitted geometric std dev","sigma2.1",0.537791131266021,"1, 221, 62, 63, 67","Joint Analysis","phenacetin",0,Inf,"flat","analytic"
"62-44-2","rat",0.191679593473562,"Fitted geometric std dev","sigma2.62",1.15196590681298,"1, 221, 62, 63, 67","Joint Analysis","phenacetin",0,Inf,"flat","analytic"
"62-44-2","rat",0.191679593473562,"Fitted geometric std dev","sigma2.221",0.343801773744242,"1, 221, 62, 63, 67","Joint Analysis","phenacetin",0,Inf,"flat","analytic"
"62-44-2","rat",1,"Predicted","sigma2.67",NA,"67","67","phenacetin",50.8703728982052,-97.7407457964104,"flat","analytic"
"62-44-2","rat",8.46274921060643e-05,"Fitted geometric mean","sigma2.67",0.00924032276721499,"67","67","phenacetin",50.8703728982052,-97.7407457964104,"flat","analytic"
"62-44-2","rat",1.52400466580921,"Fitted geometric std dev","sigma2.67",2.70053341645969,"67","67","phenacetin",50.8703728982052,-97.7407457964104,"flat","analytic"
"62-44-2","rat",1,"Predicted","sigma2.63",NA,"63","63","phenacetin",27.4404328677165,-50.8808657354331,"flat","analytic"
"62-44-2","rat",0.000128037632444457,"Fitted geometric mean","sigma2.63",0.363631573571319,"63","63","phenacetin",27.4404328677165,-50.8808657354331,"flat","analytic"
"62-44-2","rat",1.06388693624294,"Fitted geometric std dev","sigma2.63",1.90160606930588,"63","63","phenacetin",27.4404328677165,-50.8808657354331,"flat","analytic"
"62-44-2","rat",1,"Predicted","sigma2.1",NA,"1","1","phenacetin",25.7460810494636,-47.4921620989273,"flat","analytic"
"62-44-2","rat",0.000200144593105069,"Fitted geometric mean","sigma2.1",0.100947844603821,"1","1","phenacetin",25.7460810494636,-47.4921620989273,"flat","analytic"
"62-44-2","rat",0.495067075646415,"Fitted geometric std dev","sigma2.1",0.830095884305258,"1","1","phenacetin",25.7460810494636,-47.4921620989273,"flat","analytic"
"62-44-2","rat",1,"Predicted","sigma2.62",NA,"62","62","phenacetin",13.9626045461269,-23.9252090922537,"flat","analytic"
"62-44-2","rat",0.000130262046877343,"Fitted geometric mean","sigma2.62",0.39973716451345,"62","62","phenacetin",13.9626045461269,-23.9252090922537,"flat","analytic"
"62-44-2","rat",1.82248191126096,"Fitted geometric std dev","sigma2.62",3.3683184919909,"62","62","phenacetin",13.9626045461269,-23.9252090922537,"flat","analytic"
"62-44-2","rat",1,"Predicted","sigma2.221",NA,"221","221","phenacetin",30.8074769606743,-57.6149539213486,"flat","analytic"
"62-44-2","rat",0.00069121516311431,"Fitted geometric mean","sigma2.221",0.0102819206193517,"221","221","phenacetin",30.8074769606743,-57.6149539213486,"flat","analytic"
"62-44-2","rat",0.21356733178352,"Fitted geometric std dev","sigma2.221",0.411840114337444,"221","221","phenacetin",30.8074769606743,-57.6149539213486,"flat","analytic"
"77-09-8","rat",1,"Predicted","sigma2.139",NA,"139","139","phenolphthalein",0,Inf,"flat","analytic"
"77-09-8","rat",0.000898239392399464,"Fitted geometric mean","sigma2.139",3.45327218816964,"139","139","phenolphthalein",0,Inf,"flat","analytic"
"77-09-8","rat",0.884133256479677,"Fitted geometric std dev","sigma2.139",1.70090572599983,"139","139","phenolphthalein",0,Inf,"flat","analytic"
"57-41-0","rat",1,"Predicted","sigma2.222",NA,"222, 223","Joint Analysis","phenytoin",124.420909272102,-242.841818544205,"flat","analytic"
"57-41-0","rat",1,"Predicted","sigma2.223",NA,"222, 223","Joint Analysis","phenytoin",124.420909272102,-242.841818544205,"flat","analytic"
"57-41-0","rat",0.000462830977967871,"Fitted geometric mean","sigma2.222",0.0209552525039557,"222, 223","Joint Analysis","phenytoin",124.420909272102,-242.841818544205,"flat","analytic"
"57-41-0","rat",0.000462830977967871,"Fitted geometric mean","sigma2.223",0.0397701492001255,"222, 223","Joint Analysis","phenytoin",124.420909272102,-242.841818544205,"flat","analytic"
"57-41-0","rat",0.259074190435345,"Fitted geometric std dev","sigma2.222",0.464047555547511,"222, 223","Joint Analysis","phenytoin",124.420909272102,-242.841818544205,"flat","analytic"
"57-41-0","rat",0.259074190435345,"Fitted geometric std dev","sigma2.223",0.498824460483491,"222, 223","Joint Analysis","phenytoin",124.420909272102,-242.841818544205,"flat","analytic"
"57-41-0","rat",1,"Predicted","sigma2.222",NA,"222","222","phenytoin",40.1476128494279,-76.2952256988558,"flat","analytic"
"57-41-0","rat",0.000458830953090628,"Fitted geometric mean","sigma2.222",0.0206798703120993,"222","222","phenytoin",40.1476128494279,-76.2952256988558,"flat","analytic"
"57-41-0","rat",0.2981331053802,"Fitted geometric std dev","sigma2.222",0.513636732205236,"222","222","phenytoin",40.1476128494279,-76.2952256988558,"flat","analytic"
"57-41-0","rat",1,"Predicted","sigma2.223",NA,"223","223","phenytoin",84.2749409592382,-164.549881918476,"flat","analytic"
"57-41-0","rat",0.000474765212464418,"Fitted geometric mean","sigma2.223",0.0414302620842371,"223","223","phenytoin",84.2749409592382,-164.549881918476,"flat","analytic"
"57-41-0","rat",0.518068047090094,"Fitted geometric std dev","sigma2.223",0.878942431112019,"223","223","phenytoin",84.2749409592382,-164.549881918476,"flat","analytic"
"29420-49-3","rat",1,"Predicted","sigma2.144",NA,"144","144","potassium perfluorobutane sulfonate",0,Inf,"flat","analytic"
"29420-49-3","rat",0.147984743720084,"Fitted geometric mean","sigma2.144",1702.33047038251,"144","144","potassium perfluorobutane sulfonate",0,Inf,"flat","analytic"
"29420-49-3","rat",0.605215802094068,"Fitted geometric std dev","sigma2.144",1.13053472953307,"144","144","potassium perfluorobutane sulfonate",0,Inf,"flat","analytic"
"125-33-7","rat",1,"Predicted","sigma2.140",NA,"140","140","primidone",0,Inf,"flat","analytic"
"125-33-7","rat",0.00371465599515533,"Fitted geometric mean","sigma2.140",18.3067986547955,"140","140","primidone",0,Inf,"flat","analytic"
"125-33-7","rat",0.700323484795192,"Fitted geometric std dev","sigma2.140",1.33705855421648,"140","140","primidone",0,Inf,"flat","analytic"
"25606-41-1","rat",1,"Predicted","sigma2.192",NA,"192","192","propamocarb hydrochloride",0,Inf,"flat","analytic"
"25606-41-1","rat",4.86549642390121,"Fitted geometric mean","sigma2.192",17249437687.3663,"192","192","propamocarb hydrochloride",0,Inf,"flat","analytic"
"25606-41-1","rat",6.12777676487043,"Fitted geometric std dev","sigma2.192",12.8275910973198,"192","192","propamocarb hydrochloride",0,Inf,"flat","analytic"
"94-13-3","rat",1,"Predicted","sigma2.64",NA,"64","64","propylparaben",0,Inf,"flat","analytic"
"94-13-3","rat",0.00387144472664645,"Fitted geometric mean","sigma2.64",71.9857847122006,"64","64","propylparaben",0,Inf,"flat","analytic"
"94-13-3","rat",1.9190196061376,"Fitted geometric std dev","sigma2.64",3.29886549931887,"64","64","propylparaben",0,Inf,"flat","analytic"
"23950-58-5","rat",1,"Predicted","sigma2.192",NA,"192","192","propyzamide",0,Inf,"flat","analytic"
"23950-58-5","rat",0.0154842886521005,"Fitted geometric mean","sigma2.192",190.32048768158,"192","192","propyzamide",0,Inf,"flat","analytic"
"23950-58-5","rat",1.36919254859818,"Fitted geometric std dev","sigma2.192",2.71329564145495,"192","192","propyzamide",0,Inf,"flat","analytic"
"110-86-1","rat",1,"Predicted","sigma2.162",NA,"149, 162","Joint Analysis","pyridine",0,Inf,"flat","analytic"
"110-86-1","rat",1,"Predicted","sigma2.149",NA,"149, 162","Joint Analysis","pyridine",0,Inf,"flat","analytic"
"110-86-1","rat",0.00573116623403084,"Fitted geometric mean","sigma2.162",11.8070685158478,"149, 162","Joint Analysis","pyridine",0,Inf,"flat","analytic"
"110-86-1","rat",0.00573116623403084,"Fitted geometric mean","sigma2.149",5.05700819543019,"149, 162","Joint Analysis","pyridine",0,Inf,"flat","analytic"
"110-86-1","rat",0.342006843921991,"Fitted geometric std dev","sigma2.162",0.596194807694302,"149, 162","Joint Analysis","pyridine",0,Inf,"flat","analytic"
"110-86-1","rat",0.342006843921991,"Fitted geometric std dev","sigma2.149",0.629875535869332,"149, 162","Joint Analysis","pyridine",0,Inf,"flat","analytic"
"110-86-1","rat",1,"Predicted","sigma2.162",NA,"162","162","pyridine",0,Inf,"flat","analytic"
"110-86-1","rat",0.133299989322804,"Fitted geometric mean","sigma2.162",3387.29972568846,"162","162","pyridine",0,Inf,"flat","analytic"
"110-86-1","rat",0.72454891248315,"Fitted geometric std dev","sigma2.162",1.38815598569286,"162","162","pyridine",0,Inf,"flat","analytic"
"110-86-1","rat",1,"Predicted","sigma2.149",NA,"149","149","pyridine",412.108582966166,-820.217165932331,"flat","analytic"
"110-86-1","rat",0.000711964927806079,"Fitted geometric mean","sigma2.149",0.13216424313299,"149","149","pyridine",412.108582966166,-820.217165932331,"flat","analytic"
"110-86-1","rat",0.142729036881299,"Fitted geometric std dev","sigma2.149",0.249425486439286,"149","149","pyridine",412.108582966166,-820.217165932331,"flat","analytic"
"123343-16-8","rat",1,"Predicted","sigma2.192",NA,"192","192","pyrithiobac sodium",0,Inf,"flat","analytic"
"123343-16-8","rat",5.01187801884182,"Fitted geometric mean","sigma2.192",882383.163913906,"192","192","pyrithiobac sodium",0,Inf,"flat","analytic"
"123343-16-8","rat",2.90463380173489,"Fitted geometric std dev","sigma2.192",5.80134205440349,"192","192","pyrithiobac sodium",0,Inf,"flat","analytic"
"10453-86-8","rat",1,"Predicted","sigma2.192",NA,"192","192","resmethrin",337.152516603101,-670.305033206203,"flat","analytic"
"10453-86-8","rat",2.93430118969274e-05,"Fitted geometric mean","sigma2.192",0.00362142310531487,"192","192","resmethrin",337.152516603101,-670.305033206203,"flat","analytic"
"10453-86-8","rat",0.969014222228419,"Fitted geometric std dev","sigma2.192",1.92777756965332,"192","192","resmethrin",337.152516603101,-670.305033206203,"flat","analytic"
"28434-00-6","rat",1,"Predicted","sigma2.192",NA,"192","192","s-bioallethrin",0,Inf,"flat","analytic"
"28434-00-6","rat",0.000645094952394924,"Fitted geometric mean","sigma2.192",9.22891956613599,"192","192","s-bioallethrin",0,Inf,"flat","analytic"
"28434-00-6","rat",2.56433790118249,"Fitted geometric std dev","sigma2.192",5.41697256946693,"192","192","s-bioallethrin",0,Inf,"flat","analytic"
"122-34-9","rat",1,"Predicted","sigma2.192",NA,"192","192","simazine",0,Inf,"flat","analytic"
"122-34-9","rat",0.0016293672154546,"Fitted geometric mean","sigma2.192",10.7334862587773,"192","192","simazine",0,Inf,"flat","analytic"
"122-34-9","rat",2.25166581397364,"Fitted geometric std dev","sigma2.192",4.73074336404764,"192","192","simazine",0,Inf,"flat","analytic"
"1229-55-6","rat",1,"Predicted","sigma2.66",NA,"66","66","solvent red1",132.000962473005,-260.001924946011,"flat","analytic"
"1229-55-6","rat",1.56441514197922e-05,"Fitted geometric mean","sigma2.66",0.0033638150795511,"66","66","solvent red1",132.000962473005,-260.001924946011,"flat","analytic"
"1229-55-6","rat",1.00251445418886,"Fitted geometric std dev","sigma2.66",1.77551597059858,"66","66","solvent red1",132.000962473005,-260.001924946011,"flat","analytic"
"10540-29-1","rat",1,"Predicted","sigma2.141",NA,"141","141","tamoxifen",174.543576728323,-345.087153456647,"flat","analytic"
"10540-29-1","rat",4.37072616164034e-09,"Fitted geometric mean","sigma2.141",8.89104581697599e-06,"141","141","tamoxifen",174.543576728323,-345.087153456647,"flat","analytic"
"10540-29-1","rat",0.295378785447187,"Fitted geometric std dev","sigma2.141",0.906207226016335,"141","141","tamoxifen",174.543576728323,-345.087153456647,"flat","analytic"
"994-05-8","human",1,"Predicted","sigma2.51",NA,"51","51","tert-amyl methyl ether",163.166558499213,-322.333116998426,"flat","analytic"
"994-05-8","human",2.7121447910626e-05,"Fitted geometric mean","sigma2.51",7.04762866067698e-06,"51","51","tert-amyl methyl ether",163.166558499213,-322.333116998426,"flat","analytic"
"994-05-8","human",0.451805127012856,"Fitted geometric std dev","sigma2.51",0.76410404045648,"51","51","tert-amyl methyl ether",163.166558499213,-322.333116998426,"flat","analytic"
"127-18-4","rat",1,"Predicted","sigma2.4",NA,"4","4","tetrachloroethylene",29.7389641163734,-55.4779282327468,"flat","analytic"
"127-18-4","rat",5.53779367956818e-05,"Fitted geometric mean","sigma2.4",0.0492795287309929,"4","4","tetrachloroethylene",29.7389641163734,-55.4779282327468,"flat","analytic"
"127-18-4","rat",0.471547281262076,"Fitted geometric std dev","sigma2.4",0.7914092744477,"4","4","tetrachloroethylene",29.7389641163734,-55.4779282327468,"flat","analytic"
"119-64-2","rat",1,"Predicted","sigma2.152",NA,"152","152","tetralin",855.437555004711,-1706.87511000942,"flat","analytic"
"119-64-2","rat",0.000632777632406307,"Fitted geometric mean","sigma2.152",0.181732111340269,"152","152","tetralin",855.437555004711,-1706.87511000942,"flat","analytic"
"119-64-2","rat",0.479545976398929,"Fitted geometric std dev","sigma2.152",0.849499732870228,"152","152","tetralin",855.437555004711,-1706.87511000942,"flat","analytic"
"123-93-3","rat",1,"Predicted","sigma2.155",NA,"155","155","thiodiglycolic acid",178.581541843307,-353.163083686614,"flat","analytic"
"123-93-3","rat",0.000406658554119754,"Fitted geometric mean","sigma2.155",0.0980031048348314,"155","155","thiodiglycolic acid",178.581541843307,-353.163083686614,"flat","analytic"
"123-93-3","rat",0.564335519382692,"Fitted geometric std dev","sigma2.155",1.07117290547409,"155","155","thiodiglycolic acid",178.581541843307,-353.163083686614,"flat","analytic"
"64-77-7","rat",1,"Predicted","sigma2.226",NA,"225, 226","Joint Analysis","tolbutamide",45.55204901586,-85.1040980317201,"flat","analytic"
"64-77-7","rat",1,"Predicted","sigma2.225",NA,"225, 226","Joint Analysis","tolbutamide",45.55204901586,-85.1040980317201,"flat","analytic"
"64-77-7","rat",0.0036586921830979,"Fitted geometric mean","sigma2.226",0.014134776391697,"225, 226","Joint Analysis","tolbutamide",45.55204901586,-85.1040980317201,"flat","analytic"
"64-77-7","rat",0.0036586921830979,"Fitted geometric mean","sigma2.225",0.0525645297854114,"225, 226","Joint Analysis","tolbutamide",45.55204901586,-85.1040980317201,"flat","analytic"
"64-77-7","rat",0.112093667498243,"Fitted geometric std dev","sigma2.226",0.266273485351803,"225, 226","Joint Analysis","tolbutamide",45.55204901586,-85.1040980317201,"flat","analytic"
"64-77-7","rat",0.112093667498243,"Fitted geometric std dev","sigma2.225",0.351682429246403,"225, 226","Joint Analysis","tolbutamide",45.55204901586,-85.1040980317201,"flat","analytic"
"64-77-7","rat",1,"Predicted","sigma2.226",NA,"226","226","tolbutamide",28.8416284294284,-53.6832568588569,"flat","analytic"
"64-77-7","rat",0.00383775481703089,"Fitted geometric mean","sigma2.226",0.0150686312543699,"226","226","tolbutamide",28.8416284294284,-53.6832568588569,"flat","analytic"
"64-77-7","rat",0.123958831740403,"Fitted geometric std dev","sigma2.226",0.297263228984779,"226","226","tolbutamide",28.8416284294284,-53.6832568588569,"flat","analytic"
"64-77-7","rat",1,"Predicted","sigma2.225",NA,"225","225","tolbutamide",17.2062403232401,-30.4124806464802,"flat","analytic"
"64-77-7","rat",0.00293399006067956,"Fitted geometric mean","sigma2.225",0.0357688056917929,"225","225","tolbutamide",17.2062403232401,-30.4124806464802,"flat","analytic"
"64-77-7","rat",0.213852163133044,"Fitted geometric std dev","sigma2.225",0.420483237290822,"225","225","tolbutamide",17.2062403232401,-30.4124806464802,"flat","analytic"
"79-01-6","rat",1,"Predicted","sigma2.18",NA,"18, 29","Joint Analysis","trichloroethylene",115.818349012033,-225.636698024066,"flat","analytic"
"79-01-6","rat",1,"Predicted","sigma2.29",NA,"18, 29","Joint Analysis","trichloroethylene",115.818349012033,-225.636698024066,"flat","analytic"
"79-01-6","rat",0.000233382972657086,"Fitted geometric mean","sigma2.18",0.0140439788931907,"18, 29","Joint Analysis","trichloroethylene",115.818349012033,-225.636698024066,"flat","analytic"
"79-01-6","rat",0.000233382972657086,"Fitted geometric mean","sigma2.29",0.00199584989059761,"18, 29","Joint Analysis","trichloroethylene",115.818349012033,-225.636698024066,"flat","analytic"
"79-01-6","rat",0.394684864602575,"Fitted geometric std dev","sigma2.18",0.668372885832027,"18, 29","Joint Analysis","trichloroethylene",115.818349012033,-225.636698024066,"flat","analytic"
"79-01-6","rat",0.394684864602575,"Fitted geometric std dev","sigma2.29",0.809403251170407,"18, 29","Joint Analysis","trichloroethylene",115.818349012033,-225.636698024066,"flat","analytic"
"79-01-6","rat",1,"Predicted","sigma2.18",NA,"18","18","trichloroethylene",87.2861234681884,-170.572246936377,"flat","analytic"
"79-01-6","rat",0.000341152736666406,"Fitted geometric mean","sigma2.18",0.0255509294394812,"18","18","trichloroethylene",87.2861234681884,-170.572246936377,"flat","analytic"
"79-01-6","rat",0.612788417048128,"Fitted geometric std dev","sigma2.18",1.04646451338743,"18","18","trichloroethylene",87.2861234681884,-170.572246936377,"flat","analytic"
"79-01-6","rat",1,"Predicted","sigma2.29",NA,"29","29","trichloroethylene",29.0275513023677,-54.0551026047355,"flat","analytic"
"79-01-6","rat",0.000167521656665912,"Fitted geometric mean","sigma2.29",0.00114386844077244,"29","29","trichloroethylene",29.0275513023677,-54.0551026047355,"flat","analytic"
"79-01-6","rat",0.391632953468844,"Fitted geometric std dev","sigma2.29",0.696938593225431,"29","29","trichloroethylene",29.0275513023677,-54.0551026047355,"flat","analytic"
"3380-34-5","rat",1,"Predicted","sigma2.192",NA,"192","192","triclosan",0,Inf,"flat","analytic"
"3380-34-5","rat",0.00540010107952338,"Fitted geometric mean","sigma2.192",26.7601811493601,"192","192","triclosan",0,Inf,"flat","analytic"
"3380-34-5","rat",2.48803207209641,"Fitted geometric std dev","sigma2.192",5.17784397987605,"192","192","triclosan",0,Inf,"flat","analytic"
"99-66-1","rat",1,"Predicted","sigma2.228",NA,"227, 228","Joint Analysis","valproic acid",35.8601484967574,-65.7202969935149,"flat","analytic"
"99-66-1","rat",1,"Predicted","sigma2.227",NA,"227, 228","Joint Analysis","valproic acid",35.8601484967574,-65.7202969935149,"flat","analytic"
"99-66-1","rat",0.00289595266842249,"Fitted geometric mean","sigma2.228",1.98316256336013,"227, 228","Joint Analysis","valproic acid",35.8601484967574,-65.7202969935149,"flat","analytic"
"99-66-1","rat",0.00289595266842249,"Fitted geometric mean","sigma2.227",0.724385662913339,"227, 228","Joint Analysis","valproic acid",35.8601484967574,-65.7202969935149,"flat","analytic"
"99-66-1","rat",0.543673014955336,"Fitted geometric std dev","sigma2.228",1.15611706754136,"227, 228","Joint Analysis","valproic acid",35.8601484967574,-65.7202969935149,"flat","analytic"
"99-66-1","rat",0.543673014955336,"Fitted geometric std dev","sigma2.227",0.806821552890526,"227, 228","Joint Analysis","valproic acid",35.8601484967574,-65.7202969935149,"flat","analytic"
"99-66-1","rat",1,"Predicted","sigma2.228",NA,"228","228","valproic acid",4.66583734325013,-5.33167468650027,"flat","analytic"
"99-66-1","rat",0.00106199548828865,"Fitted geometric mean","sigma2.228",0.230866011728928,"228","228","valproic acid",4.66583734325013,-5.33167468650027,"flat","analytic"
"99-66-1","rat",0.139550058728634,"Fitted geometric std dev","sigma2.228",0.310125119108322,"228","228","valproic acid",4.66583734325013,-5.33167468650027,"flat","analytic"
"99-66-1","rat",1,"Predicted","sigma2.227",NA,"227","227","valproic acid",39.6086275565736,-75.2172551131471,"flat","analytic"
"99-66-1","rat",0.00899209829615394,"Fitted geometric mean","sigma2.227",4.20373285824792,"227","227","valproic acid",39.6086275565736,-75.2172551131471,"flat","analytic"
"99-66-1","rat",0.672701789495567,"Fitted geometric std dev","sigma2.227",1.14912023170137,"227","227","valproic acid",39.6086275565736,-75.2172551131471,"flat","analytic"
"50892-23-4","rat",1,"Predicted","sigma2.173",NA,"173","173","wyeth-14643",442.390818349401,-880.781636698801,"flat","analytic"
"50892-23-4","rat",0.00153197794385192,"Fitted geometric mean","sigma2.173",0.0474695692007209,"173","173","wyeth-14643",442.390818349401,-880.781636698801,"flat","analytic"
"50892-23-4","rat",0.399289762450322,"Fitted geometric std dev","sigma2.173",0.74131026773732,"173","173","wyeth-14643",442.390818349401,-880.781636698801,"flat","analytic"
