"Analysis_Type","DTXSID","Species","model","References.Analyzed","Studies.Analyzed","N_Routes","N_Media","AIC","Fgutabs","Fgutabs_Vdist","Rblood2plasma","Vdist","Fgutabs_sd","Fgutabs_Vdist_sd","Rblood2plasma_sd","Vdist_sd","time_units_reported"
"Joint","DTXSID0020365","rat","flat","203, 204","DTXSID0020365_rat_203_iv_plasma, DTXSID0020365_rat_204_iv_plasma","iv:  28 ; po:  0","blood:  0 ; plasma:  28",413.733322514867,NA,NA,NA,1.41444379021538,NA,NA,NA,0.165612032296573,"hours"
"Joint","DTXSID0020442","hamster","flat","164","DTXSID0020442_hamster_164_iv_plasma, DTXSID0020442_hamster_164_po_plasma","iv:  33 ; po:  99","blood:  0 ; plasma:  132",958.004012538239,0.149162351866648,NA,NA,0.270941611727135,0.0543913813957561,NA,NA,0.0807853587913453,"hours"
"Joint","DTXSID0020442","mouse","flat","164","DTXSID0020442_mouse_164_iv_plasma, DTXSID0020442_mouse_164_po_plasma","iv:  39 ; po:  103","blood:  0 ; plasma:  142",747.396696189386,0.595112096453322,NA,NA,0.3709137791257,0.134294675549749,NA,NA,0.0738266618401268,"hours"
"Joint","DTXSID0020442","rat","flat","164, 192","DTXSID0020442_rat_164_iv_plasma, DTXSID0020442_rat_192_iv_plasma, DTXSID0020442_rat_164_po_plasma, DTXSID0020442_rat_192_po_plasma","iv:  72 ; po:  142","blood:  0 ; plasma:  214",1020.78225570567,0.995031221607213,NA,NA,1.70518473912912,0.442955076935652,NA,NA,0.734884074107546,"hours"
"Joint","DTXSID0020652","rat","flat","163","DTXSID0020652_rat_163_iv_plasma, DTXSID0020652_rat_163_po_plasma","iv:  39 ; po:  108","blood:  0 ; plasma:  147",1189.09999684076,0.456474425958573,NA,NA,2.07294889744538,0.168276006132847,NA,NA,0.706181197718988,"hours"
"Joint","DTXSID0020868","mouse","flat","30","DTXSID0020868_mouse_30_iv_blood","iv:  18 ; po:  0","blood:  18 ; plasma:  0",862.083044820434,NA,NA,NA,4.86948704648209,NA,NA,NA,0.774684625523196,"hours"
"Joint","DTXSID0020868","rat","flat","18","DTXSID0020868_rat_18_po_blood","iv:  0 ; po:  37","blood:  37 ; plasma:  0",365.029098717029,NA,0.331377575850328,NA,NA,NA,0.0418384445600838,NA,NA,"hours"
"Joint","DTXSID0021125","rat","flat","139","DTXSID0021125_rat_139_iv_plasma","iv:  90 ; po:  0","blood:  0 ; plasma:  90",832.688029001361,NA,NA,NA,2.77122710476997,NA,NA,NA,1.69823196729993,"hours"
"Joint","DTXSID0021383","mouse","flat","45","DTXSID0021383_mouse_45_po_blood","iv:  0 ; po:  31","blood:  31 ; plasma:  0",1370.60329974331,NA,0.0440436408722077,NA,NA,NA,0.00411050884427998,NA,NA,"hours"
"Joint","DTXSID0021383","rat","flat","18, 29","DTXSID0021383_rat_18_po_blood, DTXSID0021383_rat_29_po_blood","iv:  0 ; po:  24","blood:  24 ; plasma:  0",153.476460819748,NA,0.16864704420529,NA,NA,NA,0.0232121566889717,NA,NA,"hours"
"Joint","DTXSID0021961","mouse","flat","171","DTXSID0021961_mouse_171_iv_plasma, DTXSID0021961_mouse_171_po_plasma","iv:  78 ; po:  234","blood:  0 ; plasma:  312",1277.32255100971,0.200495093092846,NA,NA,10.1167161286084,0.0480499817020842,NA,NA,1.23184836760231,"hours"
"Joint","DTXSID0021961","rat","flat","171","DTXSID0021961_rat_171_po_blood, DTXSID0021961_rat_171_iv_plasma, DTXSID0021961_rat_171_po_plasma","iv:  78 ; po:  480","blood:  240 ; plasma:  318",249.276002360955,0.265740580001925,NA,1.02664075493892,11.4559346314249,0.0425338109454191,NA,0.268364294589595,1.74946595385958,"hours"
"Joint","DTXSID0022985","rat","flat","136","DTXSID0022985_rat_136_iv_plasma, DTXSID0022985_rat_136_po_plasma","iv:  44 ; po:  119","blood:  0 ; plasma:  163",178.470458276137,0.354123570550693,NA,NA,18.9061834117761,0.11817709905457,NA,NA,6.1006235039127,"hours"
"Joint","DTXSID1020198","rat","flat","154","DTXSID1020198_rat_154_iv_plasma","iv:  68 ; po:  0","blood:  0 ; plasma:  68",181.459686516144,NA,NA,NA,19.296081217113,NA,NA,NA,4.09763708125638,"hours"
"Joint","DTXSID1021087","rat","flat","159","DTXSID1021087_rat_159_iv_plasma, DTXSID1021087_rat_159_po_plasma","iv:  60 ; po:  142","blood:  0 ; plasma:  202",862.741618534081,0.0574225041660404,NA,NA,5.82636395372883,0.00938011897933077,NA,NA,0.897356539717491,"hours"
"Joint","DTXSID1021116","dog","flat","32","DTXSID1021116_dog_32_iv_plasma","iv:  7 ; po:  0","blood:  0 ; plasma:  7",32.2471669685358,NA,NA,NA,2.40903318669806,NA,NA,NA,0.587623789337449,"hours"
"Joint","DTXSID1021116","human","flat","14","DTXSID1021116_human_14_iv_blood, DTXSID1021116_human_14_po_blood","iv:  44 ; po:  66","blood:  110 ; plasma:  0",270.146514930424,0.0637628566907902,NA,NA,3.22898514819767,0.0768763623861826,NA,NA,0.423042998233475,"hours"
"Joint","DTXSID1021116","rat","flat","1, 221, 62, 63, 67","DTXSID1021116_rat_221_iv_plasma, DTXSID1021116_rat_1_po_plasma, DTXSID1021116_rat_62_po_plasma, DTXSID1021116_rat_63_po_plasma, DTXSID1021116_rat_67_po_plasma","iv:  9 ; po:  35","blood:  0 ; plasma:  44",1725.72916148413,0.0794250985808625,NA,NA,1.48162988328385,0.007538963052651,NA,NA,0.0980260660181341,"hours"
"Joint","DTXSID1022265","rat","flat","192","DTXSID1022265_rat_192_iv_plasma, DTXSID1022265_rat_192_po_plasma","iv:  33 ; po:  33","blood:  0 ; plasma:  66",-305.639310609278,0.0149756955114732,NA,NA,477.491357423434,0.0506368495100942,NA,NA,1.7199501139797e-14,"hours"
"Joint","DTXSID1023815","rat","flat","133, 153","DTXSID1023815_rat_133_iv_plasma, DTXSID1023815_rat_153_iv_plasma, DTXSID1023815_rat_133_po_plasma, DTXSID1023815_rat_153_po_plasma","iv:  105 ; po:  312","blood:  0 ; plasma:  417",3432.80587963697,1,NA,NA,4.30376898330307,0.123236813982112,NA,NA,0.489641454855053,"hours"
"Joint","DTXSID1026118","rat","flat","152","DTXSID1026118_rat_152_iv_plasma","iv:  132 ; po:  0","blood:  0 ; plasma:  132",776.44401120762,NA,NA,NA,5.38681011329459,NA,NA,NA,0.82967040752321,"hours"
"Joint","DTXSID1034187","rat","flat","141","DTXSID1034187_rat_141_po_plasma","iv:  0 ; po:  272","blood:  0 ; plasma:  272",153.565100596852,NA,1e-04,NA,NA,NA,0.00130298923838084,NA,NA,"hours"
"Joint","DTXSID1043881","rat","flat","211, 212","DTXSID1043881_rat_212_iv_plasma, DTXSID1043881_rat_211_po_plasma","iv:  6 ; po:  8","blood:  0 ; plasma:  14",19.7625127920739,0.0136230866058337,NA,NA,10.3175053947043,0.0035114488716252,NA,NA,2.05194719696289,"hours"
"Joint","DTXSID1051432","rat","flat","155","DTXSID1051432_rat_155_iv_plasma","iv:  66 ; po:  0","blood:  0 ; plasma:  66",408.36684869161,NA,NA,NA,7.58726348673619,NA,NA,NA,4.1653588043038,"hours"
"Joint","DTXSID2020139","mouse","flat","53","DTXSID2020139_mouse_53_po_blood","iv:  0 ; po:  18","blood:  18 ; plasma:  0",-155.732433234457,NA,0.00899377777777778,NA,NA,NA,0.00067204671086581,NA,NA,"hours"
"Joint","DTXSID2020139","rat","flat","36, 46, 59","DTXSID2020139_rat_36_iv_blood, DTXSID2020139_rat_46_iv_blood, DTXSID2020139_rat_59_iv_blood","iv:  48 ; po:  0","blood:  48 ; plasma:  0",790.525730067088,NA,NA,NA,474.866209489376,NA,NA,NA,131.93452002062,"hours"
"Joint","DTXSID2020420","rat","flat","192","DTXSID2020420_rat_192_iv_plasma, DTXSID2020420_rat_192_po_plasma","iv:  66 ; po:  73","blood:  0 ; plasma:  139",-74.198540700649,0.814244344982178,NA,NA,40.3240615668341,0.655964097010929,NA,NA,31.6512736125078,"hours"
"Joint","DTXSID2020428","rat","flat","134","DTXSID2020428_rat_134_iv_plasma, DTXSID2020428_rat_134_po_plasma","iv:  39 ; po:  96","blood:  0 ; plasma:  135",881.309739955561,1,NA,NA,5.0914174912225,0.190618242455096,NA,NA,0.906554169203687,"hours"
"Joint","DTXSID2020682","rat","flat","174, 180","DTXSID2020682_rat_174_iv_blood, DTXSID2020682_rat_174_po_blood, DTXSID2020682_rat_180_po_blood","iv:  240 ; po:  326","blood:  566 ; plasma:  0",193.154353965307,0.395529300042181,NA,NA,4.20915615512398,0.0423500039263866,NA,NA,0.426049157194001,"hours"
"Joint","DTXSID2021103","rat","flat","138","DTXSID2021103_rat_138_po_plasma","iv:  0 ; po:  2","blood:  0 ; plasma:  2",NA,NA,NA,NA,NA,NA,NA,NA,NA,"hours"
"Joint","DTXSID2021315","rat","flat","177","DTXSID2021315_rat_177_po_plasma","iv:  0 ; po:  195","blood:  0 ; plasma:  195",118.563674480558,NA,1e-04,NA,NA,NA,0.106140461202417,NA,NA,"hours"
"Joint","DTXSID2021319","rat","flat","4","DTXSID2021319_rat_4_po_blood","iv:  0 ; po:  11","blood:  11 ; plasma:  0",271.896467955664,NA,0.0418179599998012,NA,NA,NA,0.00467595016205206,NA,NA,"hours"
"Joint","DTXSID2021731","rat","flat","17","DTXSID2021731_rat_17_iv_blood","iv:  8 ; po:  0","blood:  8 ; plasma:  0",302.617975757335,NA,NA,NA,1.81374550985369,NA,NA,NA,0.149526338174084,"hours"
"Joint","DTXSID2021781","rat","flat","135","DTXSID2021781_rat_135_iv_plasma, DTXSID2021781_rat_135_po_plasma","iv:  39 ; po:  108","blood:  0 ; plasma:  147",95.160511301975,1e-04,NA,NA,2205.92295428496,NA,NA,NA,NA,"hours"
"Joint","DTXSID2032390","rat","flat","192","DTXSID2032390_rat_192_iv_plasma, DTXSID2032390_rat_192_po_plasma","iv:  25 ; po:  40","blood:  0 ; plasma:  65",-113.967267278018,0.0616154800893728,NA,NA,10.2347447067255,0.0238125336463387,NA,NA,3.36142449369986,"hours"
"Joint","DTXSID2032552","rat","flat","192","DTXSID2032552_rat_192_iv_plasma, DTXSID2032552_rat_192_po_plasma","iv:  33 ; po:  33","blood:  0 ; plasma:  66",-408.989097732182,0.038512214999616,NA,NA,988.296862050635,NA,NA,NA,NA,"hours"
"Joint","DTXSID2039336","rat","flat","192","DTXSID2039336_rat_192_iv_plasma, DTXSID2039336_rat_192_po_plasma","iv:  40 ; po:  36","blood:  0 ; plasma:  76",-67.6494365796767,1e-04,NA,NA,103.625410280824,0.0127952223349153,NA,NA,35.9043689239945,"hours"
"Joint","DTXSID2046624","rat","flat","219","DTXSID2046624_rat_219_iv_plasma, DTXSID2046624_rat_219_po_plasma","iv:  13 ; po:  16","blood:  0 ; plasma:  29",-589.551570733584,0.0635759967908067,NA,NA,12.7387491267892,0.0149565043879672,NA,NA,2.20882392017921,"hours"
"Joint","DTXSID3020095","rat","flat","166","DTXSID3020095_rat_166_iv_plasma, DTXSID3020095_rat_166_po_plasma","iv:  54 ; po:  144","blood:  0 ; plasma:  198",469.64134703674,0.0129464099928325,NA,NA,3.86176833186851,0.00373400571590699,NA,NA,1.07591002086675,"hours"
"Joint","DTXSID3020833","human","flat","51","DTXSID3020833_human_51_po_blood","iv:  0 ; po:  16","blood:  16 ; plasma:  0",-536.217950316593,NA,0.066486970569327,NA,NA,NA,0.00997352690512484,NA,NA,"hours"
"Joint","DTXSID3022405","mouse","flat","129","DTXSID3022405_mouse_129_iv_plasma, DTXSID3022405_mouse_129_po_plasma","iv:  78 ; po:  234","blood:  0 ; plasma:  312",1741.46321651925,0.01092586180703,NA,NA,10.0267415177993,0.00664092561508545,NA,NA,3.68986128466263,"hours"
"Joint","DTXSID3022405","rat","flat","129","DTXSID3022405_rat_129_iv_plasma, DTXSID3022405_rat_129_po_plasma","iv:  78 ; po:  234","blood:  0 ; plasma:  312",612.79422112726,0.0107453015784961,NA,NA,14.1957090280737,0.0141888602538905,NA,NA,18.6707001616003,"hours"
"Joint","DTXSID3026148","rat","flat","130","DTXSID3026148_rat_130_iv_plasma, DTXSID3026148_rat_130_po_plasma","iv:  60 ; po:  96","blood:  0 ; plasma:  156",146.950180746304,0.175071782312163,NA,NA,16.9838141799516,0.0467938457168524,NA,NA,3.56261280974578,"hours"
"Joint","DTXSID3031860","rat","flat","147","DTXSID3031860_rat_147_iv_plasma, DTXSID3031860_rat_147_po_plasma","iv:  72 ; po:  240","blood:  0 ; plasma:  312",2532.52011771003,1,NA,NA,0.49456504717264,0.0870909211892713,NA,NA,0.0336662017350168,"hours"
"Joint","DTXSID3031862","rat","flat","145","DTXSID3031862_rat_145_iv_plasma, DTXSID3031862_rat_145_po_plasma","iv:  78 ; po:  216","blood:  0 ; plasma:  294",2570.33702510764,1,NA,NA,5.83782986378725,1.04669130202377,NA,NA,2.71690434505163,"hours"
"Joint","DTXSID3032179","rat","flat","179","DTXSID3032179_rat_179_po_plasma","iv:  0 ; po:  207","blood:  0 ; plasma:  207",-1579.73689265098,NA,0.031001406658733,NA,NA,NA,0.0078929839702307,NA,NA,"hours"
"Joint","DTXSID3034872","rat","flat","192","DTXSID3034872_rat_192_iv_plasma, DTXSID3034872_rat_192_po_plasma","iv:  33 ; po:  33","blood:  0 ; plasma:  66",27.1424290930184,0.449472037813851,NA,NA,10.4445186322882,0.207174030892887,NA,NA,3.58228893319424,"hours"
"Joint","DTXSID3037707","rat","flat","144","DTXSID3037707_rat_144_iv_plasma, DTXSID3037707_rat_144_po_plasma","iv:  72 ; po:  234","blood:  0 ; plasma:  306",2642.49584273602,0.383902660609213,NA,NA,0.515691300503827,0.0706977190292867,NA,NA,0.0855275337123259,"hours"
"Joint","DTXSID3037709","rat","flat","143","DTXSID3037709_rat_143_iv_plasma, DTXSID3037709_rat_143_po_plasma","iv:  81 ; po:  207","blood:  0 ; plasma:  288",2488.35452222311,1,NA,NA,1.72833422316088,NA,NA,NA,NA,"hours"
"Joint","DTXSID30575892","rat","flat","156","DTXSID30575892_rat_156_iv_plasma","iv:  54 ; po:  0","blood:  0 ; plasma:  54",461.523152028643,NA,NA,NA,3.27100449825282,NA,NA,NA,0.775317427794643,"hours"
"Joint","DTXSID3061635","rat","flat","66","DTXSID3061635_rat_66_po_blood","iv:  0 ; po:  15","blood:  15 ; plasma:  0",20.4980623613632,NA,0.00853576666666666,NA,NA,NA,0.00139584111592948,NA,NA,"hours"
"Joint","DTXSID4020290","rat","flat","173","DTXSID4020290_rat_173_iv_plasma, DTXSID4020290_rat_173_po_plasma","iv:  39 ; po:  108","blood:  0 ; plasma:  147",553.693728263387,0.296341173198843,NA,NA,1.31452144170497,0.356637744271576,NA,NA,1.5551925024283,"hours"
"Joint","DTXSID4020458","rat","flat","202","DTXSID4020458_rat_202_po_plasma","iv:  0 ; po:  20","blood:  0 ; plasma:  20",-13.835605516518,NA,0.00231179578360255,NA,NA,NA,0.00056382162841907,NA,NA,"hours"
"Joint","DTXSID4020533","mouse","flat","56","DTXSID4020533_mouse_56_po_blood","iv:  0 ; po:  11","blood:  11 ; plasma:  0",164.497551752897,NA,0.623685190923918,NA,NA,NA,0.0671855947319476,NA,NA,"hours"
"Joint","DTXSID4020533","rat","flat","24, 6","DTXSID4020533_rat_24_iv_blood, DTXSID4020533_rat_6_iv_plasma","iv:  126 ; po:  0","blood:  44 ; plasma:  82",4602.3122135088,NA,NA,0.956006807803573,2.70367149767236,NA,NA,0.0745166840432109,0.156288910877748,"hours"
"Joint","DTXSID4021268","rat","flat","192","DTXSID4021268_rat_192_iv_plasma, DTXSID4021268_rat_192_po_plasma","iv:  44 ; po:  39","blood:  0 ; plasma:  83",-40.0557966008925,1e-04,NA,NA,16559.7261960838,NA,NA,NA,NA,"hours"
"Joint","DTXSID4022107","rat","flat","150","DTXSID4022107_rat_150_iv_plasma","iv:  60 ; po:  0","blood:  0 ; plasma:  60",276.077850725842,NA,NA,NA,4.00621035960712,NA,NA,NA,0.515974242773677,"hours"
"Joint","DTXSID4022527","rat","flat","64","DTXSID4022527_rat_64_po_plasma","iv:  0 ; po:  23","blood:  0 ; plasma:  23",252.71464940318,NA,0.0127866996135143,NA,NA,NA,0.00103738712938298,NA,NA,"hours"
"Joint","DTXSID4022577","rat","flat","24797","DTXSID4022577_rat_24797_iv_plasma, DTXSID4022577_rat_24797_po_plasma","iv:  10 ; po:  22","blood:  0 ; plasma:  32",-235.403926942758,0.0644915917536181,NA,NA,6.96115325337061,0.0140247068999466,NA,NA,1.43599836859491,"hours"
"Joint","DTXSID4023917","rat","flat","155","DTXSID4023917_rat_155_iv_plasma","iv:  126 ; po:  0","blood:  0 ; plasma:  126",601.099456256179,NA,NA,NA,25.5524167939132,NA,NA,NA,10.923676808321,"hours"
"Joint","DTXSID4024642","rat","flat","132","DTXSID4024642_rat_132_iv_plasma, DTXSID4024642_rat_132_po_plasma","iv:  78 ; po:  216","blood:  0 ; plasma:  294",1840.82677547655,1,NA,NA,9.11430292200859,0.234287445990121,NA,NA,1.99011809590202,"hours"
"Joint","DTXSID4024729","rat","flat","201","DTXSID4024729_rat_201_po_plasma","iv:  0 ; po:  7","blood:  0 ; plasma:  7",143.339007009473,NA,0.0107646542857143,NA,NA,NA,0.00139019278851562,NA,NA,"hours"
"Joint","DTXSID4032376","rat","flat","192","DTXSID4032376_rat_192_iv_plasma, DTXSID4032376_rat_192_po_plasma","iv:  33 ; po:  40","blood:  0 ; plasma:  73",-73.3100849766422,1e-04,NA,NA,303.445775727526,NA,NA,NA,NA,"hours"
"Joint","DTXSID4032405","rat","flat","192","DTXSID4032405_rat_192_iv_plasma, DTXSID4032405_rat_192_po_plasma","iv:  44 ; po:  40","blood:  0 ; plasma:  84",80.5533618493852,1e-04,NA,NA,4968.46984314588,NA,NA,NA,NA,"hours"
"Joint","DTXSID5020029","rat","flat","43","DTXSID5020029_rat_43_iv_blood","iv:  33 ; po:  0","blood:  33 ; plasma:  0",961.198016368191,NA,NA,NA,2.41919852413824,NA,NA,NA,0.30905531127674,"hours"
"Joint","DTXSID5020285","rat","flat","176","DTXSID5020285_rat_176_po_plasma","iv:  0 ; po:  155","blood:  0 ; plasma:  155",510.192517630636,NA,0.12180900004499,NA,NA,NA,0.0135394523394229,NA,NA,"hours"
"Joint","DTXSID5020732","rat","flat","210","DTXSID5020732_rat_210_iv_plasma","iv:  22 ; po:  0","blood:  0 ; plasma:  22",1173.6018444211,NA,NA,NA,1.24402269670627,NA,NA,NA,0.154030230742817,"hours"
"Joint","DTXSID5023320","rat","flat","217","DTXSID5023320_rat_217_iv_plasma, DTXSID5023320_rat_217_po_plasma","iv:  9 ; po:  9","blood:  0 ; plasma:  18",-16.4385555616556,0.048136602159277,NA,NA,8.51987810880651,0.0107127194586984,NA,NA,1.69445499342291,"hours"
"Joint","DTXSID5023794","rat","flat","168","DTXSID5023794_rat_168_iv_plasma, DTXSID5023794_rat_168_po_plasma","iv:  20 ; po:  46","blood:  0 ; plasma:  66",192.212913822747,0.023869889307275,NA,NA,4.01975565528886,0.00672463625026857,NA,NA,1.08997388444332,"hours"
"Joint","DTXSID5024219","rat","flat","137","DTXSID5024219_rat_137_iv_plasma, DTXSID5024219_rat_137_po_plasma","iv:  60 ; po:  120","blood:  0 ; plasma:  180",1004.10623940896,0.262881642851038,NA,NA,3.86544362248024,0.0716315212943885,NA,NA,0.505529092289969,"hours"
"Joint","DTXSID5025231","rat","flat","160","DTXSID5025231_rat_160_iv_plasma, DTXSID5025231_rat_160_po_plasma","iv:  60 ; po:  144","blood:  0 ; plasma:  204",292.729120046969,0.00352223716384562,NA,NA,2.8526940929194,0.000842648834215752,NA,NA,0.640102428415687,"hours"
"Joint","DTXSID5025607","rat","flat","158, 170","DTXSID5025607_rat_158_iv_plasma, DTXSID5025607_rat_170_po_plasma","iv:  120 ; po:  394","blood:  0 ; plasma:  514",2136.2725718597,0.0414472201249959,NA,NA,4.95661367290764,0.00707807187644442,NA,NA,0.764472340324933,"hours"
"Joint","DTXSID5030955","rat","flat","165","DTXSID5030955_rat_165_iv_plasma","iv:  66 ; po:  0","blood:  0 ; plasma:  66",191.7196500729,NA,NA,NA,10.0635973311995,NA,NA,NA,2.12561685632491,"hours"
"Joint","DTXSID5032442","rat","flat","192","DTXSID5032442_rat_192_iv_plasma, DTXSID5032442_rat_192_po_plasma","iv:  44 ; po:  40","blood:  0 ; plasma:  84",237.645566659475,1,NA,NA,9.68077451564396,1.22476938394778,NA,NA,2.04621344878549,"hours"
"Joint","DTXSID5032498","rat","flat","192","DTXSID5032498_rat_192_iv_plasma","iv:  51 ; po:  0","blood:  0 ; plasma:  51",45.9327836448719,NA,NA,NA,23638.1221654325,NA,NA,NA,635673.157330482,"hours"
"Joint","DTXSID5032600","rat","flat","192","DTXSID5032600_rat_192_iv_plasma, DTXSID5032600_rat_192_po_plasma","iv:  44 ; po:  38","blood:  0 ; plasma:  82",142.961751674173,0.194656653496314,NA,NA,0.368503865778153,0.0443479879534366,NA,NA,0.065920772782044,"hours"
"Joint","DTXSID5034773","rat","flat","192","DTXSID5034773_rat_192_iv_plasma, DTXSID5034773_rat_192_po_plasma","iv:  33 ; po:  40","blood:  0 ; plasma:  73",-160.785064476213,0.178176606877337,NA,NA,4.54072952656688,0.0376927456784235,NA,NA,0.792770930986135,"hours"
"Joint","DTXSID5037523","rat","flat","192","DTXSID5037523_rat_192_iv_plasma, DTXSID5037523_rat_192_po_plasma","iv:  33 ; po:  33","blood:  0 ; plasma:  66",95.8691845295801,0.439353398802039,NA,NA,5.30044803304988,0.151841807207328,NA,NA,1.40518540955821,"hours"
"Joint","DTXSID50881104","rat","flat","207","DTXSID50881104_rat_207_iv_plasma, DTXSID50881104_rat_207_po_plasma","iv:  10 ; po:  8","blood:  0 ; plasma:  18",336.80578407648,0.175088546880462,NA,NA,10.5693962024277,0.0409506518482865,NA,NA,1.8055974433292,"hours"
"Joint","DTXSID6020438","rat","flat","18","DTXSID6020438_rat_18_po_blood","iv:  0 ; po:  41","blood:  41 ; plasma:  0",349.44388285746,NA,0.173912923458005,NA,NA,NA,0.0255232514282139,NA,NA,"hours"
"Joint","DTXSID6021117","rat","flat","197","DTXSID6021117_rat_197_iv_plasma","iv:  7 ; po:  0","blood:  0 ; plasma:  7",187.63170307129,NA,NA,NA,2.72094467527594,NA,NA,NA,0.254745294945392,"hours"
"Joint","DTXSID6022923","rat","flat","206, 209","DTXSID6022923_rat_209_iv_plasma, DTXSID6022923_rat_206_po_plasma","iv:  10 ; po:  12","blood:  0 ; plasma:  22",374.961419652057,0.392241524395739,NA,NA,1.34247695261972,0.0882749863286253,NA,NA,0.223654085535155,"hours"
"Joint","DTXSID6023733","rat","flat","227, 228","DTXSID6023733_rat_227_iv_plasma, DTXSID6023733_rat_228_po_plasma","iv:  33 ; po:  12","blood:  0 ; plasma:  45",2674.03285197545,0.433236166591763,NA,NA,0.416103807027841,0.0336482008729831,NA,NA,0.0243285490735786,"hours"
"Joint","DTXSID6023947","rat","flat","167","DTXSID6023947_rat_167_iv_plasma","iv:  42 ; po:  0","blood:  0 ; plasma:  42",214.569557282191,NA,NA,NA,7.73713506743777,NA,NA,NA,1.48563844883152,"hours"
"Joint","DTXSID6034392","rat","flat","192","DTXSID6034392_rat_192_iv_plasma, DTXSID6034392_rat_192_po_plasma","iv:  36 ; po:  40","blood:  0 ; plasma:  76",-64.698980604928,0.0662860298596316,NA,NA,22.8957753920051,0.0349682373072436,NA,NA,11.1369395399839,"hours"
"Joint","DTXSID6034849","rat","flat","192","DTXSID6034849_rat_192_iv_plasma, DTXSID6034849_rat_192_po_plasma","iv:  33 ; po:  40","blood:  0 ; plasma:  73",-68.2282404121894,1e-04,NA,NA,182.552649108616,NA,NA,NA,NA,"hours"
"Joint","DTXSID7020182","rat","flat","192","DTXSID7020182_rat_192_iv_plasma","iv:  38 ; po:  0","blood:  0 ; plasma:  38",39.4002125204859,NA,NA,NA,17439.2222348563,NA,NA,NA,384111.740709142,"hours"
"Joint","DTXSID7020687","rabbit","flat","28","DTXSID7020687_rabbit_28_po_blood","iv:  0 ; po:  12","blood:  12 ; plasma:  0",1122.66326301557,NA,1.72023993333333,NA,NA,NA,0.0855358363886739,NA,NA,"hours"
"Joint","DTXSID7021106","rat","flat","161","DTXSID7021106_rat_161_iv_plasma, DTXSID7021106_rat_161_po_plasma","iv:  90 ; po:  235","blood:  0 ; plasma:  325",3273.94278975614,0.23353616805508,NA,NA,0.151011748360479,0.018511590134363,NA,NA,0.0105363424134208,"hours"
"Joint","DTXSID7022253","rat","flat","192","DTXSID7022253_rat_192_iv_plasma, DTXSID7022253_rat_192_po_plasma","iv:  33 ; po:  39","blood:  0 ; plasma:  72",-131.364854323626,0.171616237446832,NA,NA,104.625330185189,0.0760823667961591,NA,NA,33.4786670493758,"hours"
"Joint","DTXSID7022413","rat","flat","157","DTXSID7022413_rat_157_iv_plasma, DTXSID7022413_rat_157_po_plasma","iv:  84 ; po:  252","blood:  0 ; plasma:  336",1049.7267869748,0.0681912690117538,NA,NA,9.6144344861244,0.0144768267589424,NA,NA,1.88037444929022,"hours"
"Joint","DTXSID7023510","rat","flat","140","DTXSID7023510_rat_140_po_plasma","iv:  0 ; po:  108","blood:  0 ; plasma:  108",838.65676312528,NA,0.240736405053292,NA,NA,NA,0.0263304060163399,NA,NA,"hours"
"Joint","DTXSID7029904","rat","flat","131","DTXSID7029904_rat_131_iv_plasma, DTXSID7029904_rat_131_po_plasma","iv:  66 ; po:  219","blood:  0 ; plasma:  285",693.133365963266,0.0507824566059842,NA,NA,11.1173484933878,0.0143369821508803,NA,NA,2.98079081841205,"hours"
"Joint","DTXSID7030066","rat","flat","178","DTXSID7030066_rat_178_po_plasma","iv:  0 ; po:  145","blood:  0 ; plasma:  145",NA,NA,NA,NA,NA,NA,NA,NA,NA,"hours"
"Joint","DTXSID7046627","rat","flat","198","DTXSID7046627_rat_198_iv_plasma, DTXSID7046627_rat_198_po_plasma","iv:  10 ; po:  5","blood:  0 ; plasma:  15",97.9118888547816,0.120938655185248,NA,NA,3.34794207228582,0.0358313645553063,NA,NA,0.892743665904047,"hours"
"Joint","DTXSID80108992","rat","flat","148","DTXSID80108992_rat_148_iv_plasma, DTXSID80108992_rat_148_po_plasma","iv:  78 ; po:  156","blood:  0 ; plasma:  234",1746.90297161748,1,NA,NA,0.700557455593234,0.138195880894051,NA,NA,0.0468947696121516,"hours"
"Joint","DTXSID8020541","rat","flat","222, 223","DTXSID8020541_rat_222_iv_plasma, DTXSID8020541_rat_223_iv_plasma, DTXSID8020541_rat_223_po_plasma","iv:  23 ; po:  12","blood:  0 ; plasma:  35",2093.39155487827,0.144827748982419,NA,NA,2.26272126241139,0.0159191818183967,NA,NA,0.189403778325597,"hours"
"Joint","DTXSID8020913","rat","flat","169","DTXSID8020913_rat_169_iv_blood","iv:  180 ; po:  0","blood:  180 ; plasma:  0",705.878997530633,NA,NA,NA,5.55546794548602,NA,NA,NA,0.927614094484856,"hours"
"Joint","DTXSID8021359","rat","flat","225, 226","DTXSID8021359_rat_226_iv_plasma, DTXSID8021359_rat_225_po_plasma","iv:  10 ; po:  8","blood:  0 ; plasma:  18",1147.38673222378,0.748951979805897,NA,NA,0.260861196679741,0.0584778169862291,NA,NA,0.0109223132868824,"hours"
"Joint","DTXSID8022292","rat","flat","192","DTXSID8022292_rat_192_iv_plasma, DTXSID8022292_rat_192_po_plasma","iv:  31 ; po:  54","blood:  0 ; plasma:  85",-84.7095243968739,0.458046280540988,NA,NA,695.777972531924,NA,NA,NA,NA,"hours"
"Joint","DTXSID8023393","rat","flat","220","DTXSID8023393_rat_220_iv_plasma, DTXSID8023393_rat_220_po_plasma","iv:  43 ; po:  27","blood:  0 ; plasma:  70",4008.46274916029,0.0212923201149131,NA,NA,1.12490965220046,0.0032822206217786,NA,NA,0.158536330909583,"hours"
"Joint","DTXSID8024151","rat","flat","192","DTXSID8024151_rat_192_iv_plasma, DTXSID8024151_rat_192_po_plasma","iv:  33 ; po:  39","blood:  0 ; plasma:  72",6.00347377711935,1e-04,NA,NA,138.70260580205,NA,NA,NA,NA,"hours"
"Joint","DTXSID8024521","human","flat","51","DTXSID8024521_human_51_po_blood","iv:  0 ; po:  14","blood:  14 ; plasma:  0",-684.786110859864,NA,0.0222499882928407,NA,NA,NA,0.00281363269307882,NA,NA,"hours"
"Joint","DTXSID8025337","rat","flat","172","DTXSID8025337_rat_172_iv_plasma, DTXSID8025337_rat_172_po_plasma","iv:  288 ; po:  250","blood:  0 ; plasma:  538",5889.85554161487,0.842204805014011,NA,NA,1.116643192591,0.0505234168109432,NA,NA,0.054692286858691,"hours"
"Joint","DTXSID8031865","rat","flat","146, 192","DTXSID8031865_rat_146_iv_plasma, DTXSID8031865_rat_192_iv_plasma, DTXSID8031865_rat_146_po_plasma, DTXSID8031865_rat_192_po_plasma","iv:  121 ; po:  247","blood:  0 ; plasma:  368",2900.97742987128,0.939871184495529,NA,NA,1.15035344127026,0.0581710917487575,NA,NA,0.0481530704208152,"hours"
"Joint","DTXSID8032673","rat","flat","192","DTXSID8032673_rat_192_iv_plasma, DTXSID8032673_rat_192_po_plasma","iv:  33 ; po:  33","blood:  0 ; plasma:  66",123.689861410555,0.44909992641821,NA,NA,1.74721393868706,0.335001989207315,NA,NA,1.09273380161324,"hours"
"Joint","DTXSID8034586","rat","flat","192","DTXSID8034586_rat_192_iv_plasma, DTXSID8034586_rat_192_po_plasma","iv:  43 ; po:  45","blood:  0 ; plasma:  88",-318.260732096547,0.406574292568006,NA,NA,64.7412331327691,NA,NA,NA,NA,"hours"
"Joint","DTXSID9020247","rat","flat","192","DTXSID9020247_rat_192_iv_plasma, DTXSID9020247_rat_192_po_plasma","iv:  44 ; po:  30","blood:  0 ; plasma:  74",-10.4757138016562,1e-04,NA,NA,643.474856042274,0.0527909889100369,NA,NA,232.487342917557,"hours"
"Joint","DTXSID9021924","rat","flat","149, 162","DTXSID9021924_rat_149_iv_plasma, DTXSID9021924_rat_162_iv_plasma, DTXSID9021924_rat_149_po_plasma, DTXSID9021924_rat_162_po_plasma","iv:  162 ; po:  318","blood:  0 ; plasma:  480",3036.33582468426,1,NA,NA,2.67252370370436,0.0681248344421043,NA,NA,0.165594230596468,"hours"
"Joint","DTXSID9022360","rat","flat","60","DTXSID9022360_rat_60_iv_blood, DTXSID9022360_rat_60_po_blood","iv:  45 ; po:  46","blood:  91 ; plasma:  0",-615.51334494204,0.0350010606129592,NA,NA,30.8786015790574,0.00258110984109269,NA,NA,2.06628544615918,"hours"
"Joint","DTXSID9025617","rat","flat","151","DTXSID9025617_rat_151_iv_plasma","iv:  66 ; po:  0","blood:  0 ; plasma:  66",352.121244008162,NA,NA,NA,2.05840105751545,NA,NA,NA,0.17841564520355,"hours"
"Joint","DTXSID9030258","rat","flat","175","DTXSID9030258_rat_175_iv_plasma, DTXSID9030258_rat_175_po_plasma","iv:  194 ; po:  248","blood:  0 ; plasma:  442",3869.58895772868,0.684536419093479,NA,NA,1.95742843742933,0.0583110173734033,NA,NA,0.153216497529207,"hours"
"Joint","DTXSID9032329","rat","flat","192","DTXSID9032329_rat_192_iv_plasma, DTXSID9032329_rat_192_po_plasma","iv:  77 ; po:  73","blood:  0 ; plasma:  150",-17.6241331375805,0.000330384371039536,NA,NA,20.920350803836,0.00170117309210409,NA,NA,12.0219036464505,"hours"
"Pooled","DTXSID0020365","rat","flat","203, 204","DTXSID0020365_rat_203_iv_plasma, DTXSID0020365_rat_204_iv_plasma","iv:  28 ; po:  0","blood:  0 ; plasma:  28",412.2223171211,NA,NA,NA,1.42476937896054,NA,NA,NA,0.168475867629879,"hours"
"Pooled","DTXSID0020442","hamster","flat","164","DTXSID0020442_hamster_164_iv_plasma, DTXSID0020442_hamster_164_po_plasma","iv:  33 ; po:  99","blood:  0 ; plasma:  132",974.873633812511,0.124044157755145,NA,NA,0.2626533042076,0.0503383816830232,NA,NA,0.055643995631853,"hours"
"Pooled","DTXSID0020442","mouse","flat","164","DTXSID0020442_mouse_164_iv_plasma, DTXSID0020442_mouse_164_po_plasma","iv:  39 ; po:  103","blood:  0 ; plasma:  142",739.388639951196,0.741028863389151,NA,NA,0.459517563730658,0.309042627644403,NA,NA,0.186335239829417,"hours"
"Pooled","DTXSID0020442","rat","flat","164, 192","DTXSID0020442_rat_164_iv_plasma, DTXSID0020442_rat_192_iv_plasma, DTXSID0020442_rat_164_po_plasma, DTXSID0020442_rat_192_po_plasma","iv:  72 ; po:  142","blood:  0 ; plasma:  214",1128.59061086421,0.262438874746144,NA,NA,0.275936432426399,0.0390737088276555,NA,NA,0.0293185895770757,"hours"
"Pooled","DTXSID0020652","rat","flat","163","DTXSID0020652_rat_163_iv_plasma, DTXSID0020652_rat_163_po_plasma","iv:  39 ; po:  108","blood:  0 ; plasma:  147",1265.28877703643,0.456521900734021,NA,NA,2.07295903363087,0.63724943150623,NA,NA,2.88260671607832,"hours"
"Pooled","DTXSID0021383","rat","flat","18, 29","DTXSID0021383_rat_18_po_blood, DTXSID0021383_rat_29_po_blood","iv:  0 ; po:  24","blood:  24 ; plasma:  0",185.119722000613,NA,0.213315343499552,NA,NA,NA,0.0414261327392317,NA,NA,"hours"
"Pooled","DTXSID0021961","mouse","flat","171","DTXSID0021961_mouse_171_iv_plasma, DTXSID0021961_mouse_171_po_plasma","iv:  78 ; po:  234","blood:  0 ; plasma:  312",1291.85445271212,0.20686913751137,NA,NA,10.1168051048959,0.0514173785784834,NA,NA,1.70349277275059,"hours"
"Pooled","DTXSID0021961","rat","flat","171","DTXSID0021961_rat_171_po_blood, DTXSID0021961_rat_171_iv_plasma, DTXSID0021961_rat_171_po_plasma","iv:  78 ; po:  480","blood:  240 ; plasma:  318",733.308290130759,0.264378448393928,NA,1.5094926366976,11.8327051616622,0.0752337510039574,NA,0.338729478246007,2.60846071367693,"hours"
"Pooled","DTXSID0022985","rat","flat","136","DTXSID0022985_rat_136_iv_plasma, DTXSID0022985_rat_136_po_plasma","iv:  44 ; po:  119","blood:  0 ; plasma:  163",233.519916428202,0.289399084639467,NA,NA,16.0296337554631,0.0621387718371357,NA,NA,2.72752307591657,"hours"
"Pooled","DTXSID1021087","rat","flat","159","DTXSID1021087_rat_159_iv_plasma, DTXSID1021087_rat_159_po_plasma","iv:  60 ; po:  142","blood:  0 ; plasma:  202",939.247675044604,0.0553726972843166,NA,NA,5.63257992536383,0.00728508873918792,NA,NA,0.553607984307148,"hours"
"Pooled","DTXSID1021116","human","flat","14","DTXSID1021116_human_14_iv_blood, DTXSID1021116_human_14_po_blood","iv:  44 ; po:  66","blood:  110 ; plasma:  0",279.515491534346,0.113346490910792,NA,NA,3.24883911626843,0.058639332630583,NA,NA,0.518749609373475,"hours"
"Pooled","DTXSID1021116","rat","flat","1, 221, 62, 63, 67","DTXSID1021116_rat_221_iv_plasma, DTXSID1021116_rat_1_po_plasma, DTXSID1021116_rat_62_po_plasma, DTXSID1021116_rat_63_po_plasma, DTXSID1021116_rat_67_po_plasma","iv:  9 ; po:  35","blood:  0 ; plasma:  44",2051.55074571367,0.112296252728592,NA,NA,1.48165222792956,0.0190743958051149,NA,NA,0.231025997282569,"hours"
"Pooled","DTXSID1022265","rat","flat","192","DTXSID1022265_rat_192_iv_plasma, DTXSID1022265_rat_192_po_plasma","iv:  33 ; po:  33","blood:  0 ; plasma:  66",-185.091161403306,1e-04,NA,NA,295.698742566729,NA,NA,NA,NA,"hours"
"Pooled","DTXSID1023815","rat","flat","133, 153","DTXSID1023815_rat_133_iv_plasma, DTXSID1023815_rat_153_iv_plasma, DTXSID1023815_rat_133_po_plasma, DTXSID1023815_rat_153_po_plasma","iv:  105 ; po:  312","blood:  0 ; plasma:  417",3416.46005804374,0.937876311674394,NA,NA,3.43523539884456,0.202065711170936,NA,NA,0.704755145652097,"hours"
"Pooled","DTXSID1043881","rat","flat","211, 212","DTXSID1043881_rat_212_iv_plasma, DTXSID1043881_rat_211_po_plasma","iv:  6 ; po:  8","blood:  0 ; plasma:  14",61.1791535705961,0.013606306343666,NA,NA,10.3049010715537,0.0510016213476456,NA,NA,1.75009216386039,"hours"
"Pooled","DTXSID2020139","rat","flat","36, 46, 59","DTXSID2020139_rat_36_iv_blood, DTXSID2020139_rat_46_iv_blood, DTXSID2020139_rat_59_iv_blood","iv:  48 ; po:  0","blood:  48 ; plasma:  0",1195.61186613947,NA,NA,NA,2.40296760950854,NA,NA,NA,0.258454595164448,"hours"
"Pooled","DTXSID2020420","rat","flat","192","DTXSID2020420_rat_192_iv_plasma, DTXSID2020420_rat_192_po_plasma","iv:  66 ; po:  73","blood:  0 ; plasma:  139",-76.0474771782308,0.653141585527837,NA,NA,32.8854156165986,0.400455311444417,NA,NA,19.1618299115348,"hours"
"Pooled","DTXSID2020428","rat","flat","134","DTXSID2020428_rat_134_iv_plasma, DTXSID2020428_rat_134_po_plasma","iv:  39 ; po:  96","blood:  0 ; plasma:  135",869.77193624555,1,NA,NA,4.93557450651415,0.235426376479867,NA,NA,1.11067469191027,"hours"
"Pooled","DTXSID2020682","rat","flat","174, 180","DTXSID2020682_rat_174_iv_blood, DTXSID2020682_rat_174_po_blood, DTXSID2020682_rat_180_po_blood","iv:  240 ; po:  326","blood:  566 ; plasma:  0",1315.25474113207,0.40288012157407,NA,NA,4.27361963208473,0.121283810902662,NA,NA,1.28168283234431,"hours"
"Pooled","DTXSID2021781","rat","flat","135","DTXSID2021781_rat_135_iv_plasma, DTXSID2021781_rat_135_po_plasma","iv:  39 ; po:  108","blood:  0 ; plasma:  147",224.29662893321,1e-04,NA,NA,1831.23949117389,NA,NA,NA,235.123024214396,"hours"
"Pooled","DTXSID2032390","rat","flat","192","DTXSID2032390_rat_192_iv_plasma, DTXSID2032390_rat_192_po_plasma","iv:  25 ; po:  40","blood:  0 ; plasma:  65",-94.7872981896867,0.00775915906814253,NA,NA,9.97757811242321,0.0414972375398186,NA,NA,2.49728948131821,"hours"
"Pooled","DTXSID2032552","rat","flat","192","DTXSID2032552_rat_192_iv_plasma, DTXSID2032552_rat_192_po_plasma","iv:  33 ; po:  33","blood:  0 ; plasma:  66",-210.583251985081,1e-04,NA,NA,102.308194769723,0.0798392027096705,NA,NA,NA,"hours"
"Pooled","DTXSID2039336","rat","flat","192","DTXSID2039336_rat_192_iv_plasma, DTXSID2039336_rat_192_po_plasma","iv:  40 ; po:  36","blood:  0 ; plasma:  76",-50.454392420044,0.000100000000633035,NA,NA,122.282602846399,NA,NA,NA,NA,"hours"
"Pooled","DTXSID2046624","rat","flat","219","DTXSID2046624_rat_219_iv_plasma, DTXSID2046624_rat_219_po_plasma","iv:  13 ; po:  16","blood:  0 ; plasma:  29",-419.31352958827,0.117026103450705,NA,NA,23.4406303845471,NA,NA,NA,NA,"hours"
"Pooled","DTXSID3020095","rat","flat","166","DTXSID3020095_rat_166_iv_plasma, DTXSID3020095_rat_166_po_plasma","iv:  54 ; po:  144","blood:  0 ; plasma:  198",479.800645514259,0.0126636901141443,NA,NA,3.78525919872136,0.00292542478544246,NA,NA,0.811409429007334,"hours"
"Pooled","DTXSID3022405","mouse","flat","129","DTXSID3022405_mouse_129_iv_plasma, DTXSID3022405_mouse_129_po_plasma","iv:  78 ; po:  234","blood:  0 ; plasma:  312",2168.11209447956,0.00496908942869108,NA,NA,9.71974350287263,0.0164561342823184,NA,NA,1.79978817486279,"hours"
"Pooled","DTXSID3022405","rat","flat","129","DTXSID3022405_rat_129_iv_plasma, DTXSID3022405_rat_129_po_plasma","iv:  78 ; po:  234","blood:  0 ; plasma:  312",909.23609717828,0.00670736072892056,NA,NA,9.38126707519672,0.00219371681276972,NA,NA,1.32112916305108,"hours"
"Pooled","DTXSID3026148","rat","flat","130","DTXSID3026148_rat_130_iv_plasma, DTXSID3026148_rat_130_po_plasma","iv:  60 ; po:  96","blood:  0 ; plasma:  156",247.364119675681,0.186245212169377,NA,NA,17.9158230701669,0.143098574647242,NA,NA,13.566541394827,"hours"
"Pooled","DTXSID3031860","rat","flat","147","DTXSID3031860_rat_147_iv_plasma, DTXSID3031860_rat_147_po_plasma","iv:  72 ; po:  240","blood:  0 ; plasma:  312",2757.95435151711,1,NA,NA,0.447568292510018,0.44985493392756,NA,NA,0.200622543145862,"hours"
"Pooled","DTXSID3031862","rat","flat","145","DTXSID3031862_rat_145_iv_plasma, DTXSID3031862_rat_145_po_plasma","iv:  78 ; po:  216","blood:  0 ; plasma:  294",2622.17062322447,1,NA,NA,2.28766912912698,0.209261485495692,NA,NA,0.463368751638867,"hours"
"Pooled","DTXSID3034872","rat","flat","192","DTXSID3034872_rat_192_iv_plasma, DTXSID3034872_rat_192_po_plasma","iv:  33 ; po:  33","blood:  0 ; plasma:  66",40.008451894578,0.572663027798196,NA,NA,12.5772371448785,0.426574490194376,NA,NA,8.89425936840201,"hours"
"Pooled","DTXSID3037707","rat","flat","144","DTXSID3037707_rat_144_iv_plasma, DTXSID3037707_rat_144_po_plasma","iv:  72 ; po:  234","blood:  0 ; plasma:  306",2713.87293761561,1,NA,NA,1.3326590364657,1.00860548411663,NA,NA,1.34331444079679,"hours"
"Pooled","DTXSID3037709","rat","flat","143","DTXSID3037709_rat_143_iv_plasma, DTXSID3037709_rat_143_po_plasma","iv:  81 ; po:  207","blood:  0 ; plasma:  288",2715.426881668,1,NA,NA,0.398679249719886,0.259304657052455,NA,NA,0.102544758231951,"hours"
"Pooled","DTXSID4020290","rat","flat","173","DTXSID4020290_rat_173_iv_plasma, DTXSID4020290_rat_173_po_plasma","iv:  39 ; po:  108","blood:  0 ; plasma:  147",708.290561094823,1e-04,NA,NA,0.638456245356408,0.118328395721596,NA,NA,0.200673190387008,"hours"
"Pooled","DTXSID4020533","rat","flat","24, 6","DTXSID4020533_rat_24_iv_blood, DTXSID4020533_rat_6_iv_plasma","iv:  126 ; po:  0","blood:  44 ; plasma:  82",4615.41472008412,NA,NA,0.956006790916153,2.70367142470665,NA,NA,0.0884379158312203,0.212270082851116,"hours"
"Pooled","DTXSID4021268","rat","flat","192","DTXSID4021268_rat_192_iv_plasma, DTXSID4021268_rat_192_po_plasma","iv:  44 ; po:  39","blood:  0 ; plasma:  83",-23.6251367923075,1e-04,NA,NA,383.300937250365,NA,NA,NA,NA,"hours"
"Pooled","DTXSID4022577","rat","flat","24797","DTXSID4022577_rat_24797_iv_plasma, DTXSID4022577_rat_24797_po_plasma","iv:  10 ; po:  22","blood:  0 ; plasma:  32",-125.812643950188,0.0644839005556098,NA,NA,6.96031293788038,0.01339935944868,NA,NA,0.886071521137605,"hours"
"Pooled","DTXSID4024642","rat","flat","132","DTXSID4024642_rat_132_iv_plasma, DTXSID4024642_rat_132_po_plasma","iv:  78 ; po:  216","blood:  0 ; plasma:  294",1837.10674209506,1,NA,NA,9.1468138945329,0.248229377748027,NA,NA,2.12251854533464,"hours"
"Pooled","DTXSID4032376","rat","flat","192","DTXSID4032376_rat_192_iv_plasma, DTXSID4032376_rat_192_po_plasma","iv:  33 ; po:  40","blood:  0 ; plasma:  73",-75.8520174085192,1e-04,NA,NA,444.441102628866,NA,NA,NA,NA,"hours"
"Pooled","DTXSID4032405","rat","flat","192","DTXSID4032405_rat_192_iv_plasma, DTXSID4032405_rat_192_po_plasma","iv:  44 ; po:  40","blood:  0 ; plasma:  84",95.9186689242988,1e-04,NA,NA,1471.21559727757,NA,NA,NA,NA,"hours"
"Pooled","DTXSID5023320","rat","flat","217","DTXSID5023320_rat_217_iv_plasma, DTXSID5023320_rat_217_po_plasma","iv:  9 ; po:  9","blood:  0 ; plasma:  18",114.034574862451,0.0481355835908317,NA,NA,8.51967983349199,0.0490061279897427,NA,NA,1.23969073352729,"hours"
"Pooled","DTXSID5023794","rat","flat","168","DTXSID5023794_rat_168_iv_plasma, DTXSID5023794_rat_168_po_plasma","iv:  20 ; po:  46","blood:  0 ; plasma:  66",346.661601042892,0.0168933873711686,NA,NA,4.09576387435645,0.0206920725725536,NA,NA,0.654314108402718,"hours"
"Pooled","DTXSID5024219","rat","flat","137","DTXSID5024219_rat_137_iv_plasma, DTXSID5024219_rat_137_po_plasma","iv:  60 ; po:  120","blood:  0 ; plasma:  180",1030.38433182679,0.315882697923967,NA,NA,4.17393191056028,0.0945450987447704,NA,NA,1.01033770701167,"hours"
"Pooled","DTXSID5025231","rat","flat","160","DTXSID5025231_rat_160_iv_plasma, DTXSID5025231_rat_160_po_plasma","iv:  60 ; po:  144","blood:  0 ; plasma:  204",522.141104230427,1e-04,NA,NA,3.02674278478188,NA,NA,NA,NA,"hours"
"Pooled","DTXSID5025607","rat","flat","158, 170","DTXSID5025607_rat_158_iv_plasma, DTXSID5025607_rat_170_po_plasma","iv:  120 ; po:  394","blood:  0 ; plasma:  514",3163.27455893081,0.0321385304374993,NA,NA,4.80615107542341,0.015608784810323,NA,NA,0.36056950948525,"hours"
"Pooled","DTXSID5032442","rat","flat","192","DTXSID5032442_rat_192_iv_plasma, DTXSID5032442_rat_192_po_plasma","iv:  44 ; po:  40","blood:  0 ; plasma:  84",275.245956340203,1,NA,NA,5.17230452287185,0.240521129183324,NA,NA,0.733109766810515,"hours"
"Pooled","DTXSID5032600","rat","flat","192","DTXSID5032600_rat_192_iv_plasma, DTXSID5032600_rat_192_po_plasma","iv:  44 ; po:  38","blood:  0 ; plasma:  82",145.411234188401,0.194181017117158,NA,NA,0.36760328894915,0.0452839280347166,NA,NA,0.0575028281999609,"hours"
"Pooled","DTXSID5034773","rat","flat","192","DTXSID5034773_rat_192_iv_plasma, DTXSID5034773_rat_192_po_plasma","iv:  33 ; po:  40","blood:  0 ; plasma:  73",-156.438658750679,0.176913647388821,NA,NA,4.50854566051679,0.0366380910932947,NA,NA,0.653312917276952,"hours"
"Pooled","DTXSID5037523","rat","flat","192","DTXSID5037523_rat_192_iv_plasma, DTXSID5037523_rat_192_po_plasma","iv:  33 ; po:  33","blood:  0 ; plasma:  66",102.012861018475,0.511698222931705,NA,NA,6.01892514477869,0.255856470977383,NA,NA,2.80525947384837,"hours"
"Pooled","DTXSID50881104","rat","flat","207","DTXSID50881104_rat_207_iv_plasma, DTXSID50881104_rat_207_po_plasma","iv:  10 ; po:  8","blood:  0 ; plasma:  18",455.870321890168,0.175086081676718,NA,NA,10.5692437858665,0.149946615556487,NA,NA,1.40043996282729,"hours"
"Pooled","DTXSID6022923","rat","flat","206, 209","DTXSID6022923_rat_209_iv_plasma, DTXSID6022923_rat_206_po_plasma","iv:  10 ; po:  12","blood:  0 ; plasma:  22",423.922182200253,0.392241505847976,NA,NA,1.34247627647902,0.756372034170145,NA,NA,0.192129445278462,"hours"
"Pooled","DTXSID6023733","rat","flat","227, 228","DTXSID6023733_rat_227_iv_plasma, DTXSID6023733_rat_228_po_plasma","iv:  33 ; po:  12","blood:  0 ; plasma:  45",2681.86808243959,0.433236113806481,NA,NA,0.416103772485912,0.0329575181129008,NA,NA,0.0269010270797517,"hours"
"Pooled","DTXSID6034392","rat","flat","192","DTXSID6034392_rat_192_iv_plasma, DTXSID6034392_rat_192_po_plasma","iv:  36 ; po:  40","blood:  0 ; plasma:  76",-3.41191405595176,1e-04,NA,NA,23.6975247054053,0.104493273602406,NA,NA,13.5511717954477,"hours"
"Pooled","DTXSID6034849","rat","flat","192","DTXSID6034849_rat_192_iv_plasma, DTXSID6034849_rat_192_po_plasma","iv:  33 ; po:  40","blood:  0 ; plasma:  73",-19.4031908407067,1e-04,NA,NA,167.527165356264,NA,NA,NA,NA,"hours"
"Pooled","DTXSID7021106","rat","flat","161","DTXSID7021106_rat_161_iv_plasma, DTXSID7021106_rat_161_po_plasma","iv:  90 ; po:  235","blood:  0 ; plasma:  325",3330.58760293327,0.233633175786154,NA,NA,0.151010469945744,0.0320201694693344,NA,NA,0.0200801263382955,"hours"
"Pooled","DTXSID7022253","rat","flat","192","DTXSID7022253_rat_192_iv_plasma, DTXSID7022253_rat_192_po_plasma","iv:  33 ; po:  39","blood:  0 ; plasma:  72",-128.984580765831,0.17983504635801,NA,NA,141.972796161094,0.123031023029004,NA,NA,56.498460370197,"hours"
"Pooled","DTXSID7022413","rat","flat","157","DTXSID7022413_rat_157_iv_plasma, DTXSID7022413_rat_157_po_plasma","iv:  84 ; po:  252","blood:  0 ; plasma:  336",1301.92871571347,0.0661453634053143,NA,NA,9.41179475055731,0.0133883982885524,NA,NA,0.99753364269136,"hours"
"Pooled","DTXSID7029904","rat","flat","131","DTXSID7029904_rat_131_iv_plasma, DTXSID7029904_rat_131_po_plasma","iv:  66 ; po:  219","blood:  0 ; plasma:  285",1264.79833886605,0.022587625577028,NA,NA,10.424506588372,0.026128290526721,NA,NA,1.30069729325744,"hours"
"Pooled","DTXSID7046627","rat","flat","198","DTXSID7046627_rat_198_iv_plasma, DTXSID7046627_rat_198_po_plasma","iv:  10 ; po:  5","blood:  0 ; plasma:  15",113.27138387445,0.120937919019522,NA,NA,3.34793721136624,0.0421195389556036,NA,NA,0.757810862680127,"hours"
"Pooled","DTXSID80108992","rat","flat","148","DTXSID80108992_rat_148_iv_plasma, DTXSID80108992_rat_148_po_plasma","iv:  78 ; po:  156","blood:  0 ; plasma:  234",2004.98827987203,1,NA,NA,0.496191787065759,0.415336431862072,NA,NA,0.205041432074215,"hours"
"Pooled","DTXSID8020541","rat","flat","222, 223","DTXSID8020541_rat_222_iv_plasma, DTXSID8020541_rat_223_iv_plasma, DTXSID8020541_rat_223_po_plasma","iv:  23 ; po:  12","blood:  0 ; plasma:  35",3096.16541646715,0.0709254187151465,NA,NA,1.10810529157446,0.352851561665733,NA,NA,0.21638614779594,"hours"
"Pooled","DTXSID8021359","rat","flat","225, 226","DTXSID8021359_rat_226_iv_plasma, DTXSID8021359_rat_225_po_plasma","iv:  10 ; po:  8","blood:  0 ; plasma:  18",1159.8683102515,0.748958605825595,NA,NA,0.260861831729127,0.0624276264483561,NA,NA,0.0164704513929021,"hours"
"Pooled","DTXSID8022292","rat","flat","192","DTXSID8022292_rat_192_iv_plasma, DTXSID8022292_rat_192_po_plasma","iv:  31 ; po:  54","blood:  0 ; plasma:  85",-84.5787853653373,0.477277758272082,NA,NA,194.097478433152,0.185734899711581,NA,NA,55.8661996528767,"hours"
"Pooled","DTXSID8023393","rat","flat","220","DTXSID8023393_rat_220_iv_plasma, DTXSID8023393_rat_220_po_plasma","iv:  43 ; po:  27","blood:  0 ; plasma:  70",5797.76895041023,0.0212924238247485,NA,NA,1.12489287516842,0.147865693874671,NA,NA,0.130038287136639,"hours"
"Pooled","DTXSID8024151","rat","flat","192","DTXSID8024151_rat_192_iv_plasma, DTXSID8024151_rat_192_po_plasma","iv:  33 ; po:  39","blood:  0 ; plasma:  72",15.1939274763258,1e-04,NA,NA,117.208132129713,NA,NA,NA,NA,"hours"
"Pooled","DTXSID8025337","rat","flat","172","DTXSID8025337_rat_172_iv_plasma, DTXSID8025337_rat_172_po_plasma","iv:  288 ; po:  250","blood:  0 ; plasma:  538",6250.86164344361,0.911290359003467,NA,NA,1.20824081755825,0.141603516412411,NA,NA,0.185227238815878,"hours"
"Pooled","DTXSID8031865","rat","flat","146, 192","DTXSID8031865_rat_146_iv_plasma, DTXSID8031865_rat_192_iv_plasma, DTXSID8031865_rat_146_po_plasma, DTXSID8031865_rat_192_po_plasma","iv:  121 ; po:  247","blood:  0 ; plasma:  368",3957.85120811862,0.381991161002259,NA,NA,0.532458015098815,0.0892024292203461,NA,NA,0.118657887908979,"hours"
"Pooled","DTXSID8032673","rat","flat","192","DTXSID8032673_rat_192_iv_plasma, DTXSID8032673_rat_192_po_plasma","iv:  33 ; po:  33","blood:  0 ; plasma:  66",125.147460838288,0.701709479437752,NA,NA,2.5317342890911,0.85820818181162,NA,NA,3.0002651180287,"hours"
"Pooled","DTXSID8034586","rat","flat","192","DTXSID8034586_rat_192_iv_plasma, DTXSID8034586_rat_192_po_plasma","iv:  43 ; po:  45","blood:  0 ; plasma:  88",-264.083402654505,0.3767560871951,NA,NA,63.3261409703984,NA,NA,NA,NA,"hours"
"Pooled","DTXSID9020247","rat","flat","192","DTXSID9020247_rat_192_iv_plasma, DTXSID9020247_rat_192_po_plasma","iv:  44 ; po:  30","blood:  0 ; plasma:  74",-36.7288007632238,1e-04,NA,NA,723.881530760133,NA,NA,NA,NA,"hours"
"Pooled","DTXSID9021924","rat","flat","149, 162","DTXSID9021924_rat_149_iv_plasma, DTXSID9021924_rat_162_iv_plasma, DTXSID9021924_rat_149_po_plasma, DTXSID9021924_rat_162_po_plasma","iv:  162 ; po:  318","blood:  0 ; plasma:  480",3365.13964284216,1,NA,NA,2.64878976508285,0.296981284559374,NA,NA,0.785511838211699,"hours"
"Pooled","DTXSID9022360","rat","flat","60","DTXSID9022360_rat_60_iv_blood, DTXSID9022360_rat_60_po_blood","iv:  45 ; po:  46","blood:  91 ; plasma:  0",-503.691517293639,0.0350009301190001,NA,NA,30.8784863711883,0.00254484212898983,NA,NA,1.61468284985659,"hours"
"Pooled","DTXSID9030258","rat","flat","175","DTXSID9030258_rat_175_iv_plasma, DTXSID9030258_rat_175_po_plasma","iv:  194 ; po:  248","blood:  0 ; plasma:  442",4024.8905831028,0.749653489654577,NA,NA,2.14261963446458,0.142691568486,NA,NA,0.40371601492167,"hours"
"Pooled","DTXSID9032329","rat","flat","192","DTXSID9032329_rat_192_iv_plasma, DTXSID9032329_rat_192_po_plasma","iv:  77 ; po:  73","blood:  0 ; plasma:  150",137.325470324803,1e-04,NA,NA,21.7360769938562,NA,NA,NA,NA,"hours"
"Separate","DTXSID0020365","rat","flat","203","DTXSID0020365_rat_203_iv_plasma","iv:  13 ; po:  0","blood:  0 ; plasma:  13",157.089411081866,NA,NA,NA,1.53846215871365,NA,NA,NA,0.359831118334796,"hours"
"Separate","DTXSID0020365","rat","flat","204","DTXSID0020365_rat_204_iv_plasma","iv:  15 ; po:  0","blood:  0 ; plasma:  15",258.444559013998,NA,NA,NA,1.36827793554219,NA,NA,NA,0.184139669496671,"hours"
"Separate","DTXSID0020442","hamster","flat","164","DTXSID0020442_hamster_164_iv_plasma","iv:  33 ; po:  0","blood:  0 ; plasma:  33",330.893652349879,NA,NA,NA,0.270941538934264,NA,NA,NA,0.0807852925904893,"hours"
"Separate","DTXSID0020442","hamster","flat","164","DTXSID0020442_hamster_164_po_plasma","iv:  0 ; po:  99","blood:  0 ; plasma:  99",627.110360188319,NA,0.5505330243253,NA,NA,NA,0.115564630994446,NA,NA,"hours"
"Separate","DTXSID0020442","mouse","flat","164","DTXSID0020442_mouse_164_iv_plasma","iv:  39 ; po:  0","blood:  0 ; plasma:  39",190.813659694946,NA,NA,NA,0.370912544937781,NA,NA,NA,0.0738258830098313,"hours"
"Separate","DTXSID0020442","mouse","flat","164","DTXSID0020442_mouse_164_po_plasma","iv:  0 ; po:  103","blood:  0 ; plasma:  103",556.583036493561,NA,1.60445004808557,NA,NA,NA,0.170606626617637,NA,NA,"hours"
"Separate","DTXSID0020442","rat","flat","164","DTXSID0020442_rat_164_iv_plasma","iv:  39 ; po:  0","blood:  0 ; plasma:  39",264.084100678664,NA,NA,NA,0.278211805863497,NA,NA,NA,0.0517705092068361,"hours"
"Separate","DTXSID0020442","rat","flat","164","DTXSID0020442_rat_164_po_plasma","iv:  0 ; po:  109","blood:  0 ; plasma:  109",574.944006346634,NA,0.984570978626491,NA,NA,NA,0.0738006264350134,NA,NA,"hours"
"Separate","DTXSID0020442","rat","flat","192","DTXSID0020442_rat_192_iv_plasma","iv:  33 ; po:  0","blood:  0 ; plasma:  33",41.0793207842112,NA,NA,NA,7.23825938741227,NA,NA,NA,14.2496435888655,"hours"
"Separate","DTXSID0020442","rat","flat","192","DTXSID0020442_rat_192_po_plasma","iv:  0 ; po:  33","blood:  0 ; plasma:  33",79.2420215285054,NA,0.306447559844187,NA,NA,NA,0.069892279070131,NA,NA,"hours"
"Separate","DTXSID0020652","rat","flat","163","DTXSID0020652_rat_163_iv_plasma","iv:  39 ; po:  0","blood:  0 ; plasma:  39",230.292296207392,NA,NA,NA,2.07295781183813,NA,NA,NA,0.706190786975576,"hours"
"Separate","DTXSID0020652","rat","flat","163","DTXSID0020652_rat_163_po_plasma","iv:  0 ; po:  108","blood:  0 ; plasma:  108",958.807700628381,NA,0.220205493390071,NA,NA,NA,0.031020980061341,NA,NA,"hours"
"Separate","DTXSID0021383","rat","flat","18","DTXSID0021383_rat_18_po_blood","iv:  0 ; po:  19","blood:  19 ; plasma:  0",115.716947026782,NA,0.220880611354195,NA,NA,NA,0.0583316690649422,NA,NA,"hours"
"Separate","DTXSID0021383","rat","flat","29","DTXSID0021383_rat_29_po_blood","iv:  0 ; po:  5","blood:  5 ; plasma:  0",38.8403103014085,NA,0.159562105263158,NA,NA,NA,0.0248351645807388,NA,NA,"hours"
"Separate","DTXSID0021961","mouse","flat","171","DTXSID0021961_mouse_171_iv_plasma","iv:  78 ; po:  0","blood:  0 ; plasma:  78",298.134994056408,NA,NA,NA,10.1167208802826,NA,NA,NA,1.23184958409904,"hours"
"Separate","DTXSID0021961","mouse","flat","171","DTXSID0021961_mouse_171_po_plasma","iv:  0 ; po:  234","blood:  0 ; plasma:  234",979.187556953351,NA,0.019818208272648,NA,NA,NA,0.0040908578289019,NA,NA,"hours"
"Separate","DTXSID0021961","rat","flat","171","DTXSID0021961_rat_171_iv_plasma","iv:  78 ; po:  0","blood:  0 ; plasma:  78",48.1976728048056,NA,NA,NA,11.455868515407,NA,NA,NA,1.74943516958802,"hours"
"Separate","DTXSID0021961","rat","flat","171","DTXSID0021961_rat_171_po_blood","iv:  0 ; po:  240","blood:  240 ; plasma:  0",515.082435739788,NA,0.0238147994706838,NA,NA,NA,0.00611963949077502,NA,NA,"hours"
"Separate","DTXSID0021961","rat","flat","171","DTXSID0021961_rat_171_po_plasma","iv:  0 ; po:  240","blood:  0 ; plasma:  240",-314.004106185203,NA,0.0231967553006488,NA,NA,NA,0.00111182278030598,NA,NA,"hours"
"Separate","DTXSID0022985","rat","flat","136","DTXSID0022985_rat_136_iv_plasma","iv:  44 ; po:  0","blood:  0 ; plasma:  44",103.28866277889,NA,NA,NA,18.9033990375275,NA,NA,NA,6.09779826843538,"hours"
"Separate","DTXSID0022985","rat","flat","136","DTXSID0022985_rat_136_po_plasma","iv:  0 ; po:  119","blood:  0 ; plasma:  119",75.181795283229,NA,0.0187305663780205,NA,NA,NA,0.00159435755876739,NA,NA,"hours"
"Separate","DTXSID1021087","rat","flat","159","DTXSID1021087_rat_159_iv_plasma","iv:  60 ; po:  0","blood:  0 ; plasma:  60",324.509469346263,NA,NA,NA,5.8258604359798,NA,NA,NA,0.89711758183861,"hours"
"Separate","DTXSID1021087","rat","flat","159","DTXSID1021087_rat_159_po_plasma","iv:  0 ; po:  142","blood:  0 ; plasma:  142",538.232148870691,NA,0.00985563949298746,NA,NA,NA,0.000536479268138705,NA,NA,"hours"
"Separate","DTXSID1021116","human","flat","14","DTXSID1021116_human_14_iv_blood","iv:  44 ; po:  0","blood:  44 ; plasma:  0",121.684214812794,NA,NA,NA,3.2289851395633,NA,NA,NA,0.423042994795242,"hours"
"Separate","DTXSID1021116","human","flat","14","DTXSID1021116_human_14_po_blood","iv:  0 ; po:  66","blood:  66 ; plasma:  0",148.462300117631,NA,0.0197470257761891,NA,NA,NA,0.0236672274186679,NA,NA,"hours"
"Separate","DTXSID1021116","rat","flat","1","DTXSID1021116_rat_1_po_plasma","iv:  0 ; po:  12","blood:  0 ; plasma:  12",561.381853160634,NA,0.143389693333333,NA,NA,NA,0.0123259426488479,NA,NA,"hours"
"Separate","DTXSID1021116","rat","flat","221","DTXSID1021116_rat_221_iv_plasma","iv:  9 ; po:  0","blood:  0 ; plasma:  9",387.139039987429,NA,NA,NA,1.48163969281623,NA,NA,NA,0.0980280130351935,"hours"
"Separate","DTXSID1021116","rat","flat","62","DTXSID1021116_rat_62_po_plasma","iv:  0 ; po:  5","blood:  0 ; plasma:  5",151.8538683231,NA,0.0487365279999997,NA,NA,NA,0.00848505229214977,NA,NA,"hours"
"Separate","DTXSID1021116","rat","flat","63","DTXSID1021116_rat_63_po_plasma","iv:  0 ; po:  11","blood:  0 ; plasma:  11",426.671318102206,NA,0.0449846489903435,NA,NA,NA,0.0039790268854951,NA,NA,"hours"
"Separate","DTXSID1021116","rat","flat","67","DTXSID1021116_rat_67_po_plasma","iv:  0 ; po:  7","blood:  0 ; plasma:  7",146.507289177738,NA,0.0580008571428571,NA,NA,NA,0.0143802296097238,NA,NA,"hours"
"Separate","DTXSID1022265","rat","flat","192","DTXSID1022265_rat_192_iv_plasma","iv:  33 ; po:  0","blood:  0 ; plasma:  33",-87.234888595951,NA,NA,NA,466.015035600714,NA,NA,NA,787.223162611818,"hours"
"Separate","DTXSID1022265","rat","flat","192","DTXSID1022265_rat_192_po_plasma","iv:  0 ; po:  33","blood:  0 ; plasma:  33",76.1418044408296,NA,1e-04,NA,NA,NA,NA,NA,NA,"hours"
"Separate","DTXSID1023815","rat","flat","133","DTXSID1023815_rat_133_iv_plasma","iv:  39 ; po:  0","blood:  0 ; plasma:  39",252.524758188615,NA,NA,NA,11.9761141162943,NA,NA,NA,4.12761167494974,"hours"
"Separate","DTXSID1023815","rat","flat","133","DTXSID1023815_rat_133_po_plasma","iv:  0 ; po:  96","blood:  0 ; plasma:  96",748.907211949303,NA,0.254885252732999,NA,NA,NA,0.0404179363380362,NA,NA,"hours"
"Separate","DTXSID1023815","rat","flat","153","DTXSID1023815_rat_153_iv_plasma","iv:  66 ; po:  0","blood:  0 ; plasma:  66",594.458662382242,NA,NA,NA,1.1440077488286,NA,NA,NA,0.13664148359678,"hours"
"Separate","DTXSID1023815","rat","flat","153","DTXSID1023815_rat_153_po_plasma","iv:  0 ; po:  216","blood:  0 ; plasma:  216",1771.57374279041,NA,0.277955305558397,NA,NA,NA,0.0199951781950974,NA,NA,"hours"
"Separate","DTXSID1043881","rat","flat","211","DTXSID1043881_rat_211_po_plasma","iv:  0 ; po:  8","blood:  0 ; plasma:  8",-29.0759046767124,NA,0.001320375085055,NA,NA,NA,0.000216498656101819,NA,NA,"hours"
"Separate","DTXSID1043881","rat","flat","212","DTXSID1043881_rat_212_iv_plasma","iv:  6 ; po:  0","blood:  0 ; plasma:  6",48.8383794659841,NA,NA,NA,10.304887265863,NA,NA,NA,2.044419330691,"hours"
"Separate","DTXSID2020139","rat","flat","36","DTXSID2020139_rat_36_iv_blood","iv:  7 ; po:  0","blood:  7 ; plasma:  0",-47.8548814312269,NA,NA,NA,1.60672616074452,NA,NA,NA,0.70378607594259,"hours"
"Separate","DTXSID2020139","rat","flat","46","DTXSID2020139_rat_46_iv_blood","iv:  33 ; po:  0","blood:  33 ; plasma:  0",884.866177627929,NA,NA,NA,1.97735527932679,NA,NA,NA,0.216759236502973,"hours"
"Separate","DTXSID2020139","rat","flat","59","DTXSID2020139_rat_59_iv_blood","iv:  8 ; po:  0","blood:  8 ; plasma:  0",-120.358386564616,NA,NA,NA,486.732579011988,NA,NA,NA,138.583085120105,"hours"
"Separate","DTXSID2020420","rat","flat","192","DTXSID2020420_rat_192_iv_plasma","iv:  66 ; po:  0","blood:  0 ; plasma:  66",-18.5236582726676,NA,NA,NA,51.3918301726819,NA,NA,NA,62.4829259268198,"hours"
"Separate","DTXSID2020420","rat","flat","192","DTXSID2020420_rat_192_po_plasma","iv:  0 ; po:  73","blood:  0 ; plasma:  73",-55.7287994027594,NA,0.0201937205803178,NA,NA,NA,0.00366698900894466,NA,NA,"hours"
"Separate","DTXSID2020428","rat","flat","134","DTXSID2020428_rat_134_iv_plasma","iv:  39 ; po:  0","blood:  0 ; plasma:  39",188.587521128936,NA,NA,NA,14.3756862987243,NA,NA,NA,10.7790152657421,"hours"
"Separate","DTXSID2020428","rat","flat","134","DTXSID2020428_rat_134_po_plasma","iv:  0 ; po:  96","blood:  0 ; plasma:  96",685.590053920638,NA,0.216268576288755,NA,NA,NA,0.0199424120625782,NA,NA,"hours"
"Separate","DTXSID2020682","rat","flat","174","DTXSID2020682_rat_174_iv_blood","iv:  240 ; po:  0","blood:  240 ; plasma:  0",49.9260271637787,NA,NA,NA,4.20920660931521,NA,NA,NA,0.426064696406108,"hours"
"Separate","DTXSID2020682","rat","flat","174","DTXSID2020682_rat_174_po_blood","iv:  0 ; po:  110","blood:  110 ; plasma:  0",-553.498987938258,NA,0.0932248482510055,NA,NA,NA,0.00610106350517107,NA,NA,"hours"
"Separate","DTXSID2020682","rat","flat","180","DTXSID2020682_rat_180_po_blood","iv:  0 ; po:  216","blood:  216 ; plasma:  0",698.706402577706,NA,0.0942712579915551,NA,NA,NA,0.0038907622664588,NA,NA,"hours"
"Separate","DTXSID2021781","rat","flat","135","DTXSID2021781_rat_135_iv_plasma","iv:  39 ; po:  0","blood:  0 ; plasma:  39",91.0921903277355,NA,NA,NA,117602.803478581,NA,NA,NA,3257517.17469183,"hours"
"Separate","DTXSID2021781","rat","flat","135","DTXSID2021781_rat_135_po_plasma","iv:  0 ; po:  108","blood:  0 ; plasma:  108",NA,NA,NA,NA,NA,NA,NA,NA,NA,"hours"
"Separate","DTXSID2032390","rat","flat","192","DTXSID2032390_rat_192_iv_plasma","iv:  25 ; po:  0","blood:  0 ; plasma:  25",-23.2876353907579,NA,NA,NA,11.1278835159162,NA,NA,NA,4.32135911938444,"hours"
"Separate","DTXSID2032390","rat","flat","192","DTXSID2032390_rat_192_po_plasma","iv:  0 ; po:  40","blood:  0 ; plasma:  40",-90.7313972874145,NA,0.00602123435105006,NA,NA,NA,0.00122679286699301,NA,NA,"hours"
"Separate","DTXSID2032552","rat","flat","192","DTXSID2032552_rat_192_iv_plasma","iv:  33 ; po:  0","blood:  0 ; plasma:  33",-93.2449667090984,NA,NA,NA,68.1398080282955,NA,NA,NA,35.9453346896118,"hours"
"Separate","DTXSID2032552","rat","flat","192","DTXSID2032552_rat_192_po_plasma","iv:  0 ; po:  33","blood:  0 ; plasma:  33",-304.895347254246,NA,1e-04,NA,NA,NA,2.26794803550467e-05,NA,NA,"hours"
"Separate","DTXSID2039336","rat","flat","192","DTXSID2039336_rat_192_iv_plasma","iv:  40 ; po:  0","blood:  0 ; plasma:  40",-60.7611787462493,NA,NA,NA,351.000062008255,NA,NA,NA,399.164500476104,"hours"
"Separate","DTXSID2039336","rat","flat","192","DTXSID2039336_rat_192_po_plasma","iv:  0 ; po:  36","blood:  0 ; plasma:  36",-5.23194410806065,NA,1e-04,NA,NA,NA,9.85894671991277e-05,NA,NA,"hours"
"Separate","DTXSID2046624","rat","flat","219","DTXSID2046624_rat_219_iv_plasma","iv:  13 ; po:  0","blood:  0 ; plasma:  13",-391.369318280965,NA,NA,NA,23.4793519341366,NA,NA,NA,NA,"hours"
"Separate","DTXSID2046624","rat","flat","219","DTXSID2046624_rat_219_po_plasma","iv:  0 ; po:  16","blood:  0 ; plasma:  16",-184.162208528148,NA,0.00499256249701453,NA,NA,NA,0.000793838775526692,NA,NA,"hours"
"Separate","DTXSID3020095","rat","flat","166","DTXSID3020095_rat_166_iv_plasma","iv:  54 ; po:  0","blood:  0 ; plasma:  54",159.891645392076,NA,NA,NA,3.85623928759194,NA,NA,NA,1.07125216757694,"hours"
"Separate","DTXSID3020095","rat","flat","166","DTXSID3020095_rat_166_po_plasma","iv:  0 ; po:  144","blood:  0 ; plasma:  144",309.749675042691,NA,0.00335244726293469,NA,NA,NA,0.000250084668793332,NA,NA,"hours"
"Separate","DTXSID3022405","mouse","flat","129","DTXSID3022405_mouse_129_iv_plasma","iv:  78 ; po:  0","blood:  0 ; plasma:  78",645.686916671979,NA,NA,NA,10.0242501000991,NA,NA,NA,3.68709118933675,"hours"
"Separate","DTXSID3022405","mouse","flat","129","DTXSID3022405_mouse_129_po_plasma","iv:  0 ; po:  234","blood:  0 ; plasma:  234",1095.77629940811,NA,0.00108968576981661,NA,NA,NA,0.000527127100100914,NA,NA,"hours"
"Separate","DTXSID3022405","rat","flat","129","DTXSID3022405_rat_129_iv_plasma","iv:  78 ; po:  0","blood:  0 ; plasma:  78",320.530593069701,NA,NA,NA,9.91769646574157,NA,NA,NA,2.7740786112456,"hours"
"Separate","DTXSID3022405","rat","flat","129","DTXSID3022405_rat_129_po_plasma","iv:  0 ; po:  234","blood:  0 ; plasma:  234",291.101825374778,NA,0.000756926269467854,NA,NA,NA,8.86816399969968e-05,NA,NA,"hours"
"Separate","DTXSID3026148","rat","flat","130","DTXSID3026148_rat_130_iv_plasma","iv:  60 ; po:  0","blood:  0 ; plasma:  60",-48.4147786737837,NA,NA,NA,16.9919427248502,NA,NA,NA,3.56775244969238,"hours"
"Separate","DTXSID3026148","rat","flat","130","DTXSID3026148_rat_130_po_plasma","iv:  0 ; po:  96","blood:  0 ; plasma:  96",195.36496321582,NA,0.0103081548752304,NA,NA,NA,0.00170752067916789,NA,NA,"hours"
"Separate","DTXSID3031860","rat","flat","147","DTXSID3031860_rat_147_iv_plasma","iv:  72 ; po:  0","blood:  0 ; plasma:  72",342.243777467879,NA,NA,NA,0.584882833853713,NA,NA,NA,0.051450531559291,"hours"
"Separate","DTXSID3031860","rat","flat","147","DTXSID3031860_rat_147_po_plasma","iv:  0 ; po:  240","blood:  0 ; plasma:  240",2182.98277777803,NA,2.23635623021095,NA,NA,NA,0.123636636451277,NA,NA,"hours"
"Separate","DTXSID3031862","rat","flat","145","DTXSID3031862_rat_145_iv_plasma","iv:  78 ; po:  0","blood:  0 ; plasma:  78",413.222477471763,NA,NA,NA,17.2558899677953,NA,NA,NA,8.58031612309115,"hours"
"Separate","DTXSID3031862","rat","flat","145","DTXSID3031862_rat_145_po_plasma","iv:  0 ; po:  216","blood:  0 ; plasma:  216",2095.38670782812,NA,0.474971706919014,NA,NA,NA,0.0453070668767918,NA,NA,"hours"
"Separate","DTXSID3034872","rat","flat","192","DTXSID3034872_rat_192_iv_plasma","iv:  33 ; po:  0","blood:  0 ; plasma:  33",-11.6147743381653,NA,NA,NA,10.4444058821051,NA,NA,NA,3.58216990992071,"hours"
"Separate","DTXSID3034872","rat","flat","192","DTXSID3034872_rat_192_po_plasma","iv:  0 ; po:  33","blood:  0 ; plasma:  33",38.7572034301834,NA,0.0430342691617121,NA,NA,NA,0.0132512761999957,NA,NA,"hours"
"Separate","DTXSID3037707","rat","flat","144","DTXSID3037707_rat_144_iv_plasma","iv:  72 ; po:  0","blood:  0 ; plasma:  72",466.997140021918,NA,NA,NA,0.515691157121536,NA,NA,NA,0.0855274587085151,"hours"
"Separate","DTXSID3037707","rat","flat","144","DTXSID3037707_rat_144_po_plasma","iv:  0 ; po:  234","blood:  0 ; plasma:  234",2175.49870271397,NA,0.744442786965816,NA,NA,NA,0.0595874862154172,NA,NA,"hours"
"Separate","DTXSID3037709","rat","flat","143","DTXSID3037709_rat_143_iv_plasma","iv:  81 ; po:  0","blood:  0 ; plasma:  81",320.03682845964,NA,NA,NA,2.20501041548219,NA,NA,NA,0.22158356361631,"hours"
"Separate","DTXSID3037709","rat","flat","143","DTXSID3037709_rat_143_po_plasma","iv:  0 ; po:  207","blood:  0 ; plasma:  207",2040.98610514554,NA,2.53918338964295,NA,NA,NA,0.170003109849987,NA,NA,"hours"
"Separate","DTXSID4020290","rat","flat","173","DTXSID4020290_rat_173_iv_plasma","iv:  39 ; po:  0","blood:  0 ; plasma:  39",209.628501946514,NA,NA,NA,1.31452164067126,NA,NA,NA,1.55519323953595,"hours"
"Separate","DTXSID4020290","rat","flat","173","DTXSID4020290_rat_173_po_plasma","iv:  0 ; po:  108","blood:  0 ; plasma:  108",344.065226316873,NA,0.22543651748966,NA,NA,NA,0.0497221268777382,NA,NA,"hours"
"Separate","DTXSID4020533","rat","flat","24","DTXSID4020533_rat_24_iv_blood","iv:  44 ; po:  0","blood:  44 ; plasma:  0",3556.11672558798,NA,NA,NA,2.82808797253744,NA,NA,NA,0.147873802488986,"hours"
"Separate","DTXSID4020533","rat","flat","6","DTXSID4020533_rat_6_iv_plasma","iv:  82 ; po:  0","blood:  0 ; plasma:  82",1046.19548792082,NA,NA,NA,2.70367141001995,NA,NA,NA,0.156288880317129,"hours"
"Separate","DTXSID4021268","rat","flat","192","DTXSID4021268_rat_192_iv_plasma","iv:  44 ; po:  0","blood:  0 ; plasma:  44",6.74969135199665,NA,NA,NA,21280.421966244,NA,NA,NA,NA,"hours"
"Separate","DTXSID4021268","rat","flat","192","DTXSID4021268_rat_192_po_plasma","iv:  0 ; po:  39","blood:  0 ; plasma:  39",-46.5797378471737,NA,1e-04,NA,NA,NA,0.00151772007153041,NA,NA,"hours"
"Separate","DTXSID4022577","rat","flat","24797","DTXSID4022577_rat_24797_iv_plasma","iv:  10 ; po:  0","blood:  0 ; plasma:  10",4.28667609289559,NA,NA,NA,6.96025970070291,NA,NA,NA,1.43544540549399,"hours"
"Separate","DTXSID4022577","rat","flat","24797","DTXSID4022577_rat_24797_po_plasma","iv:  0 ; po:  22","blood:  0 ; plasma:  22",-239.690603423401,NA,0.00926450646955679,NA,NA,NA,0.00063762912882998,NA,NA,"hours"
"Separate","DTXSID4024642","rat","flat","132","DTXSID4024642_rat_132_iv_plasma","iv:  78 ; po:  0","blood:  0 ; plasma:  78",417.879387677013,NA,NA,NA,10.0456858116071,NA,NA,NA,2.63474471401617,"hours"
"Separate","DTXSID4024642","rat","flat","132","DTXSID4024642_rat_132_po_plasma","iv:  0 ; po:  216","blood:  0 ; plasma:  216",1422.77210991878,NA,0.111254597289189,NA,NA,NA,0.010126784188035,NA,NA,"hours"
"Separate","DTXSID4032376","rat","flat","192","DTXSID4032376_rat_192_iv_plasma","iv:  33 ; po:  0","blood:  0 ; plasma:  33",-26.1362585676791,NA,NA,NA,245.026659987755,NA,NA,NA,530.980736913208,"hours"
"Separate","DTXSID4032376","rat","flat","192","DTXSID4032376_rat_192_po_plasma","iv:  0 ; po:  40","blood:  0 ; plasma:  40",-47.0513781145437,NA,1e-04,NA,NA,NA,0.0019478717058128,NA,NA,"hours"
"Separate","DTXSID4032405","rat","flat","192","DTXSID4032405_rat_192_iv_plasma","iv:  44 ; po:  0","blood:  0 ; plasma:  44",NA,NA,NA,NA,NA,NA,NA,NA,NA,"hours"
"Separate","DTXSID4032405","rat","flat","192","DTXSID4032405_rat_192_po_plasma","iv:  0 ; po:  40","blood:  0 ; plasma:  40",41.5045408518665,NA,1e-04,NA,NA,NA,NA,NA,NA,"hours"
"Separate","DTXSID5023320","rat","flat","217","DTXSID5023320_rat_217_iv_plasma","iv:  9 ; po:  0","blood:  0 ; plasma:  9",82.8190207389383,NA,NA,NA,8.51967761591966,NA,NA,NA,1.69433537061542,"hours"
"Separate","DTXSID5023320","rat","flat","217","DTXSID5023320_rat_217_po_plasma","iv:  0 ; po:  9","blood:  0 ; plasma:  9",-99.2575763148593,NA,0.00564992592592593,NA,NA,NA,0.000564245792925747,NA,NA,"hours"
"Separate","DTXSID5023794","rat","flat","168","DTXSID5023794_rat_168_iv_plasma","iv:  20 ; po:  0","blood:  0 ; plasma:  20",133.385117352749,NA,NA,NA,4.09576008907516,NA,NA,NA,1.15257159544761,"hours"
"Separate","DTXSID5023794","rat","flat","168","DTXSID5023794_rat_168_po_plasma","iv:  0 ; po:  46","blood:  0 ; plasma:  46",58.8232728635508,NA,0.00593807777596084,NA,NA,NA,0.000453797894526733,NA,NA,"hours"
"Separate","DTXSID5024219","rat","flat","137","DTXSID5024219_rat_137_iv_plasma","iv:  60 ; po:  0","blood:  0 ; plasma:  60",351.465988328174,NA,NA,NA,3.86544374051495,NA,NA,NA,0.505529140143258,"hours"
"Separate","DTXSID5024219","rat","flat","137","DTXSID5024219_rat_137_po_plasma","iv:  0 ; po:  120","blood:  0 ; plasma:  120",652.640251080788,NA,0.0680081467891167,NA,NA,NA,0.016257315811883,NA,NA,"hours"
"Separate","DTXSID5025231","rat","flat","160","DTXSID5025231_rat_160_iv_plasma","iv:  60 ; po:  0","blood:  0 ; plasma:  60",266.418998406604,NA,NA,NA,3.09978048504931,NA,NA,NA,0.822868765843963,"hours"
"Separate","DTXSID5025231","rat","flat","160","DTXSID5025231_rat_160_po_plasma","iv:  0 ; po:  144","blood:  0 ; plasma:  144",26.19992211494,NA,0.00123476051238381,NA,NA,NA,0.000102493498982428,NA,NA,"hours"
"Separate","DTXSID5025607","rat","flat","158","DTXSID5025607_rat_158_iv_plasma","iv:  120 ; po:  0","blood:  0 ; plasma:  120",918.789798936316,NA,NA,NA,4.95656397481433,NA,NA,NA,0.764449143574536,"hours"
"Separate","DTXSID5025607","rat","flat","170","DTXSID5025607_rat_170_po_plasma","iv:  0 ; po:  394","blood:  0 ; plasma:  394",1217.48277291902,NA,0.00836199569931741,NA,NA,NA,0.000613093575391729,NA,NA,"hours"
"Separate","DTXSID5032442","rat","flat","192","DTXSID5032442_rat_192_iv_plasma","iv:  44 ; po:  0","blood:  0 ; plasma:  44",66.4174906578256,NA,NA,NA,11.6136277085654,NA,NA,NA,1.73343154732305,"hours"
"Separate","DTXSID5032442","rat","flat","192","DTXSID5032442_rat_192_po_plasma","iv:  0 ; po:  40","blood:  0 ; plasma:  40",146.482063641008,NA,0.322734892766921,NA,NA,NA,0.0457917299244135,NA,NA,"hours"
"Separate","DTXSID5032600","rat","flat","192","DTXSID5032600_rat_192_iv_plasma","iv:  44 ; po:  0","blood:  0 ; plasma:  44",90.2376101623269,NA,NA,NA,0.368503810929547,NA,NA,NA,0.0659207431901585,"hours"
"Separate","DTXSID5032600","rat","flat","192","DTXSID5032600_rat_192_po_plasma","iv:  0 ; po:  38","blood:  0 ; plasma:  38",52.7241415118358,NA,0.528235263192198,NA,NA,NA,0.0745247139183467,NA,NA,"hours"
"Separate","DTXSID5034773","rat","flat","192","DTXSID5034773_rat_192_iv_plasma","iv:  33 ; po:  0","blood:  0 ; plasma:  33",-52.2781056022224,NA,NA,NA,4.54066462950221,NA,NA,NA,0.792736396763847,"hours"
"Separate","DTXSID5034773","rat","flat","192","DTXSID5034773_rat_192_po_plasma","iv:  0 ; po:  40","blood:  0 ; plasma:  40",-108.50695888072,NA,0.0392396238203207,NA,NA,NA,0.00468746937928903,NA,NA,"hours"
"Separate","DTXSID5037523","rat","flat","192","DTXSID5037523_rat_192_iv_plasma","iv:  33 ; po:  0","blood:  0 ; plasma:  33",30.6698090727893,NA,NA,NA,5.30045123601029,NA,NA,NA,1.4051880485153,"hours"
"Separate","DTXSID5037523","rat","flat","192","DTXSID5037523_rat_192_po_plasma","iv:  0 ; po:  33","blood:  0 ; plasma:  33",65.1993754567843,NA,0.0828898395894111,NA,NA,NA,0.0183783203915857,NA,NA,"hours"
"Separate","DTXSID50881104","rat","flat","207","DTXSID50881104_rat_207_iv_plasma","iv:  10 ; po:  0","blood:  0 ; plasma:  10",288.261826588138,NA,NA,NA,10.5692436723559,NA,NA,NA,1.8055192723792,"hours"
"Separate","DTXSID50881104","rat","flat","207","DTXSID50881104_rat_207_po_plasma","iv:  0 ; po:  8","blood:  0 ; plasma:  8",48.5439574811848,NA,0.016565625,NA,NA,NA,0.0026462827297135,NA,NA,"hours"
"Separate","DTXSID6022923","rat","flat","206","DTXSID6022923_rat_206_po_plasma","iv:  0 ; po:  12","blood:  0 ; plasma:  12",62.3901028004789,NA,0.292177315104466,NA,NA,NA,0.0442082997104546,NA,NA,"hours"
"Separate","DTXSID6022923","rat","flat","209","DTXSID6022923_rat_209_iv_plasma","iv:  10 ; po:  0","blood:  0 ; plasma:  10",312.571316851369,NA,NA,NA,1.34247628308632,NA,NA,NA,0.223653750906228,"hours"
"Separate","DTXSID6023733","rat","flat","227","DTXSID6023733_rat_227_iv_plasma","iv:  33 ; po:  0","blood:  0 ; plasma:  33",2043.68663117436,NA,NA,NA,0.4161037995631,NA,NA,NA,0.0243285779351736,"hours"
"Separate","DTXSID6023733","rat","flat","228","DTXSID6023733_rat_228_po_plasma","iv:  0 ; po:  12","blood:  0 ; plasma:  12",630.346220800984,NA,1.04117327004787,NA,NA,NA,0.0532301273835695,NA,NA,"hours"
"Separate","DTXSID6034392","rat","flat","192","DTXSID6034392_rat_192_iv_plasma","iv:  36 ; po:  0","blood:  0 ; plasma:  36",26.8407527600187,NA,NA,NA,40.8163090837285,NA,NA,NA,50.5907153557795,"hours"
"Separate","DTXSID6034392","rat","flat","192","DTXSID6034392_rat_192_po_plasma","iv:  0 ; po:  40","blood:  0 ; plasma:  40",-91.9752149143812,NA,0.00289337862064227,NA,NA,NA,0.000589120435429298,NA,NA,"hours"
"Separate","DTXSID6034849","rat","flat","192","DTXSID6034849_rat_192_iv_plasma","iv:  33 ; po:  0","blood:  0 ; plasma:  33",-8.51932489225909,NA,NA,NA,947.654057061583,NA,NA,NA,8056.54060727597,"hours"
"Separate","DTXSID6034849","rat","flat","192","DTXSID6034849_rat_192_po_plasma","iv:  0 ; po:  40","blood:  0 ; plasma:  40",-53.9811455353871,NA,1e-04,NA,NA,NA,8.76733036605742e-05,NA,NA,"hours"
"Separate","DTXSID7021106","rat","flat","161","DTXSID7021106_rat_161_iv_plasma","iv:  90 ; po:  0","blood:  0 ; plasma:  90",815.112083480232,NA,NA,NA,0.151011773492767,NA,NA,NA,0.0105366279744083,"hours"
"Separate","DTXSID7021106","rat","flat","161","DTXSID7021106_rat_161_po_plasma","iv:  0 ; po:  235","blood:  0 ; plasma:  235",2458.83070611606,NA,1.54647701135661,NA,NA,NA,0.0581743503260199,NA,NA,"hours"
"Separate","DTXSID7022253","rat","flat","192","DTXSID7022253_rat_192_iv_plasma","iv:  33 ; po:  0","blood:  0 ; plasma:  33",-31.0749565575725,NA,NA,NA,57082.6477275083,NA,NA,NA,0,"hours"
"Separate","DTXSID7022253","rat","flat","192","DTXSID7022253_rat_192_po_plasma","iv:  0 ; po:  39","blood:  0 ; plasma:  39",-103.636106112567,NA,0.00164077994615608,NA,NA,NA,0.000503449404945859,NA,NA,"hours"
"Separate","DTXSID7022413","rat","flat","157","DTXSID7022413_rat_157_iv_plasma","iv:  84 ; po:  0","blood:  0 ; plasma:  84",426.576435828362,NA,NA,NA,9.61426999565362,NA,NA,NA,1.88027736546062,"hours"
"Separate","DTXSID7022413","rat","flat","157","DTXSID7022413_rat_157_po_plasma","iv:  0 ; po:  252","blood:  0 ; plasma:  252",623.150351140525,NA,0.00709258551869871,NA,NA,NA,0.000585701663200121,NA,NA,"hours"
"Separate","DTXSID7029904","rat","flat","131","DTXSID7029904_rat_131_iv_plasma","iv:  66 ; po:  0","blood:  0 ; plasma:  66",392.114945125006,NA,NA,NA,11.1185410546883,NA,NA,NA,2.98199604580531,"hours"
"Separate","DTXSID7029904","rat","flat","131","DTXSID7029904_rat_131_po_plasma","iv:  0 ; po:  219","blood:  0 ; plasma:  219",301.018419747349,NA,0.00456785601789794,NA,NA,NA,0.000403852871962597,NA,NA,"hours"
"Separate","DTXSID7046627","rat","flat","198","DTXSID7046627_rat_198_iv_plasma","iv:  10 ; po:  0","blood:  0 ; plasma:  10",91.1409361906038,NA,NA,NA,3.34793031311228,NA,NA,NA,0.892734259003734,"hours"
"Separate","DTXSID7046627","rat","flat","198","DTXSID7046627_rat_198_po_plasma","iv:  0 ; po:  5","blood:  0 ; plasma:  5",6.77095266369608,NA,0.0361232,NA,NA,NA,0.00466469650924228,NA,NA,"hours"
"Separate","DTXSID80108992","rat","flat","148","DTXSID80108992_rat_148_iv_plasma","iv:  78 ; po:  0","blood:  0 ; plasma:  78",325.857916120638,NA,NA,NA,0.820970960310299,NA,NA,NA,0.0694978678139053,"hours"
"Separate","DTXSID80108992","rat","flat","148","DTXSID80108992_rat_148_po_plasma","iv:  0 ; po:  156","blood:  0 ; plasma:  156",1404.66186526334,NA,2.01719075924671,NA,NA,NA,0.163678106984814,NA,NA,"hours"
"Separate","DTXSID8020541","rat","flat","222","DTXSID8020541_rat_222_iv_plasma","iv:  13 ; po:  0","blood:  0 ; plasma:  13",753.160084715744,NA,NA,NA,2.2978377774967,NA,NA,NA,0.195560306556574,"hours"
"Separate","DTXSID8020541","rat","flat","223","DTXSID8020541_rat_223_iv_plasma","iv:  10 ; po:  0","blood:  0 ; plasma:  10",1019.03237856892,NA,NA,NA,0.44187720478616,NA,NA,NA,0.11873886188231,"hours"
"Separate","DTXSID8020541","rat","flat","223","DTXSID8020541_rat_223_po_plasma","iv:  0 ; po:  12","blood:  0 ; plasma:  12",314.19773016708,NA,0.064006,NA,NA,NA,0.00455983705172134,NA,NA,"hours"
"Separate","DTXSID8021359","rat","flat","225","DTXSID8021359_rat_225_po_plasma","iv:  0 ; po:  8","blood:  0 ; plasma:  8",463.430497186191,NA,2.8710930625,NA,NA,NA,0.189214943610216,NA,NA,"hours"
"Separate","DTXSID8021359","rat","flat","226","DTXSID8021359_rat_226_iv_plasma","iv:  10 ; po:  0","blood:  0 ; plasma:  10",683.956235024724,NA,NA,NA,0.260861836904182,NA,NA,NA,0.0109223937055812,"hours"
"Separate","DTXSID8022292","rat","flat","192","DTXSID8022292_rat_192_iv_plasma","iv:  31 ; po:  0","blood:  0 ; plasma:  31",-1.71304442988999,NA,NA,NA,2381.42394705227,NA,NA,NA,1665.41002821014,"hours"
"Separate","DTXSID8022292","rat","flat","192","DTXSID8022292_rat_192_po_plasma","iv:  0 ; po:  54","blood:  0 ; plasma:  54",-96.4434497299353,NA,0.00243637895326841,NA,NA,NA,0.000636500087172907,NA,NA,"hours"
"Separate","DTXSID8023393","rat","flat","220","DTXSID8023393_rat_220_iv_plasma","iv:  43 ; po:  0","blood:  0 ; plasma:  43",4027.51345502187,NA,NA,NA,1.12489280610604,NA,NA,NA,0.158529208470702,"hours"
"Separate","DTXSID8023393","rat","flat","220","DTXSID8023393_rat_220_po_plasma","iv:  0 ; po:  27","blood:  0 ; plasma:  27",-19.0507058733074,NA,0.018928027683447,NA,NA,NA,0.00118211466181585,NA,NA,"hours"
"Separate","DTXSID8024151","rat","flat","192","DTXSID8024151_rat_192_iv_plasma","iv:  33 ; po:  0","blood:  0 ; plasma:  33",-19.292535326752,NA,NA,NA,129.550276746672,NA,NA,NA,159.344993328958,"hours"
"Separate","DTXSID8024151","rat","flat","192","DTXSID8024151_rat_192_po_plasma","iv:  0 ; po:  39","blood:  0 ; plasma:  39",29.782151758812,NA,1e-04,NA,NA,NA,0.000211204868963883,NA,NA,"hours"
"Separate","DTXSID8025337","rat","flat","172","DTXSID8025337_rat_172_iv_plasma","iv:  288 ; po:  0","blood:  0 ; plasma:  288",2636.75057578088,NA,NA,NA,1.11664317426071,NA,NA,NA,0.0546922543249403,"hours"
"Separate","DTXSID8025337","rat","flat","172","DTXSID8025337_rat_172_po_plasma","iv:  0 ; po:  250","blood:  0 ; plasma:  250",3253.10496583359,NA,0.754229078452055,NA,NA,NA,0.0261247870139504,NA,NA,"hours"
"Separate","DTXSID8031865","rat","flat","146","DTXSID8031865_rat_146_iv_plasma","iv:  77 ; po:  0","blood:  0 ; plasma:  77",780.170508634392,NA,NA,NA,0.520806747356361,NA,NA,NA,0.106702699177048,"hours"
"Separate","DTXSID8031865","rat","flat","146","DTXSID8031865_rat_146_po_plasma","iv:  0 ; po:  207","blood:  0 ; plasma:  207",2235.50233033924,NA,0.702680202323065,NA,NA,NA,0.0623841246481103,NA,NA,"hours"
"Separate","DTXSID8031865","rat","flat","192","DTXSID8031865_rat_192_iv_plasma","iv:  44 ; po:  0","blood:  0 ; plasma:  44",-137.762608904829,NA,NA,NA,1.16249107786028,NA,NA,NA,0.0492225474880663,"hours"
"Separate","DTXSID8031865","rat","flat","192","DTXSID8031865_rat_192_po_plasma","iv:  0 ; po:  40","blood:  0 ; plasma:  40",14.700867236671,NA,0.874873934264089,NA,NA,NA,0.04373452306507,NA,NA,"hours"
"Separate","DTXSID8032673","rat","flat","192","DTXSID8032673_rat_192_iv_plasma","iv:  33 ; po:  0","blood:  0 ; plasma:  33",50.3960602689396,NA,NA,NA,1.74721792466071,NA,NA,NA,1.09274161125505,"hours"
"Separate","DTXSID8032673","rat","flat","192","DTXSID8032673_rat_192_po_plasma","iv:  0 ; po:  33","blood:  0 ; plasma:  33",73.2938011416294,NA,0.257037747692836,NA,NA,NA,0.10449900185466,NA,NA,"hours"
"Separate","DTXSID8034586","rat","flat","192","DTXSID8034586_rat_192_iv_plasma","iv:  43 ; po:  0","blood:  0 ; plasma:  43",-79.9444084568579,NA,NA,NA,25.4700334517869,NA,NA,NA,11.3745429662583,"hours"
"Separate","DTXSID8034586","rat","flat","192","DTXSID8034586_rat_192_po_plasma","iv:  0 ; po:  45","blood:  0 ; plasma:  45",-240.197287212157,NA,0.00627911797264976,NA,NA,NA,0.000984807593192133,NA,NA,"hours"
"Separate","DTXSID9020247","rat","flat","192","DTXSID9020247_rat_192_iv_plasma","iv:  44 ; po:  0","blood:  0 ; plasma:  44",-34.7517935791616,NA,NA,NA,372165.948882524,NA,NA,NA,NA,"hours"
"Separate","DTXSID9020247","rat","flat","192","DTXSID9020247_rat_192_po_plasma","iv:  0 ; po:  30","blood:  0 ; plasma:  30",21.898308140993,NA,1e-04,NA,NA,NA,7.5195894819928e-05,NA,NA,"hours"
"Separate","DTXSID9021924","rat","flat","149","DTXSID9021924_rat_149_iv_plasma","iv:  48 ; po:  0","blood:  0 ; plasma:  48",221.862913864659,NA,NA,NA,3.98478285721127,NA,NA,NA,0.559550236010901,"hours"
"Separate","DTXSID9021924","rat","flat","149","DTXSID9021924_rat_149_po_plasma","iv:  0 ; po:  144","blood:  0 ; plasma:  144",1140.05007977724,NA,0.420560283476197,NA,NA,NA,0.0112322906352057,NA,NA,"hours"
"Separate","DTXSID9021924","rat","flat","162","DTXSID9021924_rat_162_iv_plasma","iv:  114 ; po:  0","blood:  0 ; plasma:  114",396.549348652981,NA,NA,NA,2.70104405154229,NA,NA,NA,0.283592825700446,"hours"
"Separate","DTXSID9021924","rat","flat","162","DTXSID9021924_rat_162_po_plasma","iv:  0 ; po:  174","blood:  0 ; plasma:  174",1216.81934596552,NA,0.206737697663592,NA,NA,NA,0.0283771040965708,NA,NA,"hours"
"Separate","DTXSID9022360","rat","flat","60","DTXSID9022360_rat_60_iv_blood","iv:  45 ; po:  0","blood:  45 ; plasma:  0",279.606795250202,NA,NA,NA,12.4751814192482,NA,NA,NA,0.340520261646694,"hours"
"Separate","DTXSID9022360","rat","flat","60","DTXSID9022360_rat_60_po_blood","iv:  0 ; po:  46","blood:  46 ; plasma:  0",-478.439351200773,NA,0.00113350535607582,NA,NA,NA,3.5126487274702e-05,NA,NA,"hours"
"Separate","DTXSID9030258","rat","flat","175","DTXSID9030258_rat_175_iv_plasma","iv:  194 ; po:  0","blood:  0 ; plasma:  194",1420.72321956917,NA,NA,NA,1.95742787131703,NA,NA,NA,0.153216360824688,"hours"
"Separate","DTXSID9030258","rat","flat","175","DTXSID9030258_rat_175_po_plasma","iv:  0 ; po:  248","blood:  0 ; plasma:  248",2448.86573815925,NA,0.349712153099769,NA,NA,NA,0.0117521091381752,NA,NA,"hours"
"Separate","DTXSID9032329","rat","flat","192","DTXSID9032329_rat_192_iv_plasma","iv:  77 ; po:  0","blood:  0 ; plasma:  77",86.2104760010169,NA,NA,NA,32.23932643983,NA,NA,NA,38.282399306635,"hours"
"Separate","DTXSID9032329","rat","flat","192","DTXSID9032329_rat_192_po_plasma","iv:  0 ; po:  73","blood:  0 ; plasma:  73",-102.822768916723,NA,1e-04,NA,NA,NA,7.65354119109735e-05,NA,NA,"hours"
