"","Species","Compound","CAS","Reference","Species.Weight","Species.Weight.Units","Dose","Time","Time.Units","Media","Media.Units","Value","Units","Route","Source","LOQ","Subject","info","iv","Time.Days","Max.Time.Days","Time.Steps.PerHour","N.Obs.Ref","Usable","kelim","Vdist","Fgutabs","kgutabs","V1","Ralphatokelim","Fbetaofalpha"
"1","rat","tamoxifen","10540-29-1",141,0.27,"kg",100,0.25,"hr","plasma","normalized",NA,NA,"po",141,9.585e-07,NA,NA,FALSE,0.0104166666666667,6,Inf,22,TRUE,0.04574,4.864,1,2.18,1,1.2,0.8
"2","rat","tamoxifen","10540-29-1",141,0.27,"kg",100,0.5,"hr","plasma","normalized",NA,NA,"po",141,9.585e-07,NA,NA,FALSE,0.0208333333333333,6,Inf,22,TRUE,0.04574,4.864,1,2.18,1,1.2,0.8
"3","rat","tamoxifen","10540-29-1",141,0.27,"kg",100,1,"hr","plasma","normalized",NA,NA,"po",141,9.585e-07,NA,NA,FALSE,0.0416666666666667,6,Inf,22,TRUE,0.04574,4.864,1,2.18,1,1.2,0.8
"4","rat","tamoxifen","10540-29-1",141,0.27,"kg",100,2,"hr","plasma","normalized",NA,NA,"po",141,9.585e-07,NA,NA,FALSE,0.0833333333333333,6,Inf,22,TRUE,0.04574,4.864,1,2.18,1,1.2,0.8
"5","rat","tamoxifen","10540-29-1",141,0.27,"kg",100,4,"hr","plasma","normalized",NA,NA,"po",141,9.585e-07,NA,NA,FALSE,0.166666666666667,6,Inf,22,TRUE,0.04574,4.864,1,2.18,1,1.2,0.8
"6","rat","tamoxifen","10540-29-1",141,0.27,"kg",100,8,"hr","plasma","normalized",NA,NA,"po",141,9.585e-07,NA,NA,FALSE,0.333333333333333,6,Inf,22,TRUE,0.04574,4.864,1,2.18,1,1.2,0.8
"7","rat","tamoxifen","10540-29-1",141,0.27,"kg",100,12,"hr","plasma","normalized",NA,NA,"po",141,9.585e-07,NA,NA,FALSE,0.5,6,Inf,22,TRUE,0.04574,4.864,1,2.18,1,1.2,0.8
"8","rat","tamoxifen","10540-29-1",141,0.27,"kg",100,16,"hr","plasma","normalized",NA,NA,"po",141,9.585e-07,NA,NA,FALSE,0.666666666666667,6,Inf,22,TRUE,0.04574,4.864,1,2.18,1,1.2,0.8
"9","rat","tamoxifen","10540-29-1",141,0.27,"kg",100,24,"hr","plasma","normalized",NA,NA,"po",141,9.585e-07,NA,NA,FALSE,1,6,Inf,22,TRUE,0.04574,4.864,1,2.18,1,1.2,0.8
"10","rat","tamoxifen","10540-29-1",141,0.27,"kg",100,32,"hr","plasma","normalized",NA,NA,"po",141,9.585e-07,NA,NA,FALSE,1.33333333333333,6,Inf,22,TRUE,0.04574,4.864,1,2.18,1,1.2,0.8
"11","rat","tamoxifen","10540-29-1",141,0.27,"kg",100,40,"hr","plasma","normalized",NA,NA,"po",141,9.585e-07,NA,NA,FALSE,1.66666666666667,6,Inf,22,TRUE,0.04574,4.864,1,2.18,1,1.2,0.8
"12","rat","tamoxifen","10540-29-1",141,0.27,"kg",100,48,"hr","plasma","normalized",NA,NA,"po",141,9.585e-07,NA,NA,FALSE,2,6,Inf,22,TRUE,0.04574,4.864,1,2.18,1,1.2,0.8
"13","rat","tamoxifen","10540-29-1",141,0.27,"kg",100,56,"hr","plasma","normalized",NA,NA,"po",141,9.585e-07,NA,NA,FALSE,2.33333333333333,6,Inf,22,TRUE,0.04574,4.864,1,2.18,1,1.2,0.8
"14","rat","tamoxifen","10540-29-1",141,0.27,"kg",100,64,"hr","plasma","normalized",NA,NA,"po",141,9.585e-07,NA,NA,FALSE,2.66666666666667,6,Inf,22,TRUE,0.04574,4.864,1,2.18,1,1.2,0.8
"15","rat","tamoxifen","10540-29-1",141,0.27,"kg",100,72,"hr","plasma","normalized",NA,NA,"po",141,9.585e-07,NA,NA,FALSE,3,6,Inf,22,TRUE,0.04574,4.864,1,2.18,1,1.2,0.8
"16","rat","tamoxifen","10540-29-1",141,0.272,"kg",100,0.25,"hr","plasma","normalized",NA,NA,"po",141,9.585e-07,NA,NA,FALSE,0.0104166666666667,6,Inf,22,TRUE,0.04574,4.864,1,2.18,1,1.2,0.8
"17","rat","tamoxifen","10540-29-1",141,0.272,"kg",100,0.5,"hr","plasma","normalized",NA,NA,"po",141,9.585e-07,NA,NA,FALSE,0.0208333333333333,6,Inf,22,TRUE,0.04574,4.864,1,2.18,1,1.2,0.8
"18","rat","tamoxifen","10540-29-1",141,0.272,"kg",100,1,"hr","plasma","normalized",NA,NA,"po",141,9.585e-07,NA,NA,FALSE,0.0416666666666667,6,Inf,22,TRUE,0.04574,4.864,1,2.18,1,1.2,0.8
"19","rat","tamoxifen","10540-29-1",141,0.272,"kg",100,2,"hr","plasma","normalized",NA,NA,"po",141,9.585e-07,NA,NA,FALSE,0.0833333333333333,6,Inf,22,TRUE,0.04574,4.864,1,2.18,1,1.2,0.8
"20","rat","tamoxifen","10540-29-1",141,0.272,"kg",100,4,"hr","plasma","normalized",NA,NA,"po",141,9.585e-07,NA,NA,FALSE,0.166666666666667,6,Inf,22,TRUE,0.04574,4.864,1,2.18,1,1.2,0.8
"21","rat","tamoxifen","10540-29-1",141,0.272,"kg",100,8,"hr","plasma","normalized",NA,NA,"po",141,9.585e-07,NA,NA,FALSE,0.333333333333333,6,Inf,22,TRUE,0.04574,4.864,1,2.18,1,1.2,0.8
"22","rat","tamoxifen","10540-29-1",141,0.272,"kg",100,12,"hr","plasma","normalized",NA,NA,"po",141,9.585e-07,NA,NA,FALSE,0.5,6,Inf,22,TRUE,0.04574,4.864,1,2.18,1,1.2,0.8
"23","rat","tamoxifen","10540-29-1",141,0.272,"kg",100,16,"hr","plasma","normalized",NA,NA,"po",141,9.585e-07,NA,NA,FALSE,0.666666666666667,6,Inf,22,TRUE,0.04574,4.864,1,2.18,1,1.2,0.8
"24","rat","tamoxifen","10540-29-1",141,0.272,"kg",100,24,"hr","plasma","normalized",NA,NA,"po",141,9.585e-07,NA,NA,FALSE,1,6,Inf,22,TRUE,0.04574,4.864,1,2.18,1,1.2,0.8
"25","rat","tamoxifen","10540-29-1",141,0.272,"kg",100,32,"hr","plasma","normalized",NA,NA,"po",141,9.585e-07,NA,NA,FALSE,1.33333333333333,6,Inf,22,TRUE,0.04574,4.864,1,2.18,1,1.2,0.8
"26","rat","tamoxifen","10540-29-1",141,0.272,"kg",100,40,"hr","plasma","normalized",NA,NA,"po",141,9.585e-07,NA,NA,FALSE,1.66666666666667,6,Inf,22,TRUE,0.04574,4.864,1,2.18,1,1.2,0.8
"27","rat","tamoxifen","10540-29-1",141,0.272,"kg",100,48,"hr","plasma","normalized",NA,NA,"po",141,9.585e-07,NA,NA,FALSE,2,6,Inf,22,TRUE,0.04574,4.864,1,2.18,1,1.2,0.8
"28","rat","tamoxifen","10540-29-1",141,0.272,"kg",100,56,"hr","plasma","normalized",NA,NA,"po",141,9.585e-07,NA,NA,FALSE,2.33333333333333,6,Inf,22,TRUE,0.04574,4.864,1,2.18,1,1.2,0.8
"29","rat","tamoxifen","10540-29-1",141,0.272,"kg",100,64,"hr","plasma","normalized",NA,NA,"po",141,9.585e-07,NA,NA,FALSE,2.66666666666667,6,Inf,22,TRUE,0.04574,4.864,1,2.18,1,1.2,0.8
"30","rat","tamoxifen","10540-29-1",141,0.272,"kg",100,72,"hr","plasma","normalized",NA,NA,"po",141,9.585e-07,NA,NA,FALSE,3,6,Inf,22,TRUE,0.04574,4.864,1,2.18,1,1.2,0.8
"31","rat","tamoxifen","10540-29-1",141,0.299,"kg",100,0.25,"hr","plasma","normalized",NA,NA,"po",141,9.585e-07,NA,NA,FALSE,0.0104166666666667,6,Inf,22,TRUE,0.04574,4.864,1,2.18,1,1.2,0.8
"32","rat","tamoxifen","10540-29-1",141,0.299,"kg",100,0.5,"hr","plasma","normalized",NA,NA,"po",141,9.585e-07,NA,NA,FALSE,0.0208333333333333,6,Inf,22,TRUE,0.04574,4.864,1,2.18,1,1.2,0.8
"33","rat","tamoxifen","10540-29-1",141,0.299,"kg",100,1,"hr","plasma","normalized",NA,NA,"po",141,9.585e-07,NA,NA,FALSE,0.0416666666666667,6,Inf,22,TRUE,0.04574,4.864,1,2.18,1,1.2,0.8
"34","rat","tamoxifen","10540-29-1",141,0.299,"kg",100,2,"hr","plasma","normalized",NA,NA,"po",141,9.585e-07,NA,NA,FALSE,0.0833333333333333,6,Inf,22,TRUE,0.04574,4.864,1,2.18,1,1.2,0.8
"35","rat","tamoxifen","10540-29-1",141,0.299,"kg",100,4,"hr","plasma","normalized",NA,NA,"po",141,9.585e-07,NA,NA,FALSE,0.166666666666667,6,Inf,22,TRUE,0.04574,4.864,1,2.18,1,1.2,0.8
"36","rat","tamoxifen","10540-29-1",141,0.299,"kg",100,12,"hr","plasma","normalized",NA,NA,"po",141,9.585e-07,NA,NA,FALSE,0.5,6,Inf,22,TRUE,0.04574,4.864,1,2.18,1,1.2,0.8
"37","rat","tamoxifen","10540-29-1",141,0.299,"kg",100,24,"hr","plasma","normalized",NA,NA,"po",141,9.585e-07,NA,NA,FALSE,1,6,Inf,22,TRUE,0.04574,4.864,1,2.18,1,1.2,0.8
"38","rat","tamoxifen","10540-29-1",141,0.299,"kg",100,32,"hr","plasma","normalized",NA,NA,"po",141,9.585e-07,NA,NA,FALSE,1.33333333333333,6,Inf,22,TRUE,0.04574,4.864,1,2.18,1,1.2,0.8
"39","rat","tamoxifen","10540-29-1",141,0.299,"kg",100,40,"hr","plasma","normalized",NA,NA,"po",141,9.585e-07,NA,NA,FALSE,1.66666666666667,6,Inf,22,TRUE,0.04574,4.864,1,2.18,1,1.2,0.8
"40","rat","tamoxifen","10540-29-1",141,0.299,"kg",100,72,"hr","plasma","normalized",NA,NA,"po",141,9.585e-07,NA,NA,FALSE,3,6,Inf,22,TRUE,0.04574,4.864,1,2.18,1,1.2,0.8
"41","rat","tamoxifen","10540-29-1",141,0.254,"kg",100,0.25,"hr","plasma","normalized",NA,NA,"po",141,9.585e-07,NA,NA,FALSE,0.0104166666666667,6,Inf,22,TRUE,0.04574,4.864,1,2.18,1,1.2,0.8
"42","rat","tamoxifen","10540-29-1",141,0.254,"kg",100,0.5,"hr","plasma","normalized",NA,NA,"po",141,9.585e-07,NA,NA,FALSE,0.0208333333333333,6,Inf,22,TRUE,0.04574,4.864,1,2.18,1,1.2,0.8
"43","rat","tamoxifen","10540-29-1",141,0.254,"kg",100,1,"hr","plasma","normalized",NA,NA,"po",141,9.585e-07,NA,NA,FALSE,0.0416666666666667,6,Inf,22,TRUE,0.04574,4.864,1,2.18,1,1.2,0.8
"44","rat","tamoxifen","10540-29-1",141,0.254,"kg",100,2,"hr","plasma","normalized",NA,NA,"po",141,9.585e-07,NA,NA,FALSE,0.0833333333333333,6,Inf,22,TRUE,0.04574,4.864,1,2.18,1,1.2,0.8
"45","rat","tamoxifen","10540-29-1",141,0.254,"kg",100,4,"hr","plasma","normalized",NA,NA,"po",141,9.585e-07,NA,NA,FALSE,0.166666666666667,6,Inf,22,TRUE,0.04574,4.864,1,2.18,1,1.2,0.8
"46","rat","tamoxifen","10540-29-1",141,0.254,"kg",100,8,"hr","plasma","normalized",NA,NA,"po",141,9.585e-07,NA,NA,FALSE,0.333333333333333,6,Inf,22,TRUE,0.04574,4.864,1,2.18,1,1.2,0.8
"47","rat","tamoxifen","10540-29-1",141,0.254,"kg",100,12,"hr","plasma","normalized",NA,NA,"po",141,9.585e-07,NA,NA,FALSE,0.5,6,Inf,22,TRUE,0.04574,4.864,1,2.18,1,1.2,0.8
"48","rat","tamoxifen","10540-29-1",141,0.254,"kg",100,16,"hr","plasma","normalized",NA,NA,"po",141,9.585e-07,NA,NA,FALSE,0.666666666666667,6,Inf,22,TRUE,0.04574,4.864,1,2.18,1,1.2,0.8
"49","rat","tamoxifen","10540-29-1",141,0.254,"kg",100,24,"hr","plasma","normalized",NA,NA,"po",141,9.585e-07,NA,NA,FALSE,1,6,Inf,22,TRUE,0.04574,4.864,1,2.18,1,1.2,0.8
"50","rat","tamoxifen","10540-29-1",141,0.254,"kg",100,32,"hr","plasma","normalized",NA,NA,"po",141,9.585e-07,NA,NA,FALSE,1.33333333333333,6,Inf,22,TRUE,0.04574,4.864,1,2.18,1,1.2,0.8
"51","rat","tamoxifen","10540-29-1",141,0.254,"kg",100,40,"hr","plasma","normalized",NA,NA,"po",141,9.585e-07,NA,NA,FALSE,1.66666666666667,6,Inf,22,TRUE,0.04574,4.864,1,2.18,1,1.2,0.8
"52","rat","tamoxifen","10540-29-1",141,0.254,"kg",100,48,"hr","plasma","normalized",NA,NA,"po",141,9.585e-07,NA,NA,FALSE,2,6,Inf,22,TRUE,0.04574,4.864,1,2.18,1,1.2,0.8
"53","rat","tamoxifen","10540-29-1",141,0.254,"kg",100,56,"hr","plasma","normalized",NA,NA,"po",141,9.585e-07,NA,NA,FALSE,2.33333333333333,6,Inf,22,TRUE,0.04574,4.864,1,2.18,1,1.2,0.8
"54","rat","tamoxifen","10540-29-1",141,0.254,"kg",100,64,"hr","plasma","normalized",NA,NA,"po",141,9.585e-07,NA,NA,FALSE,2.66666666666667,6,Inf,22,TRUE,0.04574,4.864,1,2.18,1,1.2,0.8
"55","rat","tamoxifen","10540-29-1",141,0.254,"kg",100,72,"hr","plasma","normalized",NA,NA,"po",141,9.585e-07,NA,NA,FALSE,3,6,Inf,22,TRUE,0.04574,4.864,1,2.18,1,1.2,0.8
"56","rat","tamoxifen","10540-29-1",141,0.254,"kg",100,84,"hr","plasma","normalized",NA,NA,"po",141,9.585e-07,NA,NA,FALSE,3.5,6,Inf,22,TRUE,0.04574,4.864,1,2.18,1,1.2,0.8
"57","rat","tamoxifen","10540-29-1",141,0.254,"kg",100,96,"hr","plasma","normalized",NA,NA,"po",141,9.585e-07,NA,NA,FALSE,4,6,Inf,22,TRUE,0.04574,4.864,1,2.18,1,1.2,0.8
"58","rat","tamoxifen","10540-29-1",141,0.254,"kg",100,108,"hr","plasma","normalized",NA,NA,"po",141,9.585e-07,NA,NA,FALSE,4.5,6,Inf,22,TRUE,0.04574,4.864,1,2.18,1,1.2,0.8
"59","rat","tamoxifen","10540-29-1",141,0.254,"kg",100,120,"hr","plasma","normalized",NA,NA,"po",141,9.585e-07,NA,NA,FALSE,5,6,Inf,22,TRUE,0.04574,4.864,1,2.18,1,1.2,0.8
"60","rat","tamoxifen","10540-29-1",141,0.254,"kg",100,132,"hr","plasma","normalized",NA,NA,"po",141,9.585e-07,NA,NA,FALSE,5.5,6,Inf,22,TRUE,0.04574,4.864,1,2.18,1,1.2,0.8
"61","rat","tamoxifen","10540-29-1",141,0.254,"kg",100,144,"hr","plasma","normalized",NA,NA,"po",141,9.585e-07,NA,NA,FALSE,6,6,Inf,22,TRUE,0.04574,4.864,1,2.18,1,1.2,0.8
"62","rat","tamoxifen","10540-29-1",141,0.257,"kg",100,0.25,"hr","plasma","normalized",NA,NA,"po",141,9.585e-07,NA,NA,FALSE,0.0104166666666667,6,Inf,22,TRUE,0.04574,4.864,1,2.18,1,1.2,0.8
"63","rat","tamoxifen","10540-29-1",141,0.257,"kg",100,0.5,"hr","plasma","normalized",NA,NA,"po",141,9.585e-07,NA,NA,FALSE,0.0208333333333333,6,Inf,22,TRUE,0.04574,4.864,1,2.18,1,1.2,0.8
"64","rat","tamoxifen","10540-29-1",141,0.257,"kg",100,1,"hr","plasma","normalized",NA,NA,"po",141,9.585e-07,NA,NA,FALSE,0.0416666666666667,6,Inf,22,TRUE,0.04574,4.864,1,2.18,1,1.2,0.8
"65","rat","tamoxifen","10540-29-1",141,0.257,"kg",100,2,"hr","plasma","normalized",NA,NA,"po",141,9.585e-07,NA,NA,FALSE,0.0833333333333333,6,Inf,22,TRUE,0.04574,4.864,1,2.18,1,1.2,0.8
"66","rat","tamoxifen","10540-29-1",141,0.257,"kg",100,4,"hr","plasma","normalized",NA,NA,"po",141,9.585e-07,NA,NA,FALSE,0.166666666666667,6,Inf,22,TRUE,0.04574,4.864,1,2.18,1,1.2,0.8
"67","rat","tamoxifen","10540-29-1",141,0.257,"kg",100,8,"hr","plasma","normalized",NA,NA,"po",141,9.585e-07,NA,NA,FALSE,0.333333333333333,6,Inf,22,TRUE,0.04574,4.864,1,2.18,1,1.2,0.8
"68","rat","tamoxifen","10540-29-1",141,0.257,"kg",100,12,"hr","plasma","normalized",NA,NA,"po",141,9.585e-07,NA,NA,FALSE,0.5,6,Inf,22,TRUE,0.04574,4.864,1,2.18,1,1.2,0.8
"69","rat","tamoxifen","10540-29-1",141,0.257,"kg",100,16,"hr","plasma","normalized",NA,NA,"po",141,9.585e-07,NA,NA,FALSE,0.666666666666667,6,Inf,22,TRUE,0.04574,4.864,1,2.18,1,1.2,0.8
"70","rat","tamoxifen","10540-29-1",141,0.257,"kg",100,24,"hr","plasma","normalized",NA,NA,"po",141,9.585e-07,NA,NA,FALSE,1,6,Inf,22,TRUE,0.04574,4.864,1,2.18,1,1.2,0.8
"71","rat","tamoxifen","10540-29-1",141,0.257,"kg",100,32,"hr","plasma","normalized",NA,NA,"po",141,9.585e-07,NA,NA,FALSE,1.33333333333333,6,Inf,22,TRUE,0.04574,4.864,1,2.18,1,1.2,0.8
"72","rat","tamoxifen","10540-29-1",141,0.257,"kg",100,40,"hr","plasma","normalized",NA,NA,"po",141,9.585e-07,NA,NA,FALSE,1.66666666666667,6,Inf,22,TRUE,0.04574,4.864,1,2.18,1,1.2,0.8
"73","rat","tamoxifen","10540-29-1",141,0.257,"kg",100,48,"hr","plasma","normalized",NA,NA,"po",141,9.585e-07,NA,NA,FALSE,2,6,Inf,22,TRUE,0.04574,4.864,1,2.18,1,1.2,0.8
"74","rat","tamoxifen","10540-29-1",141,0.257,"kg",100,56,"hr","plasma","normalized",NA,NA,"po",141,9.585e-07,NA,NA,FALSE,2.33333333333333,6,Inf,22,TRUE,0.04574,4.864,1,2.18,1,1.2,0.8
"75","rat","tamoxifen","10540-29-1",141,0.257,"kg",100,64,"hr","plasma","normalized",NA,NA,"po",141,9.585e-07,NA,NA,FALSE,2.66666666666667,6,Inf,22,TRUE,0.04574,4.864,1,2.18,1,1.2,0.8
"76","rat","tamoxifen","10540-29-1",141,0.257,"kg",100,72,"hr","plasma","normalized",NA,NA,"po",141,9.585e-07,NA,NA,FALSE,3,6,Inf,22,TRUE,0.04574,4.864,1,2.18,1,1.2,0.8
"77","rat","tamoxifen","10540-29-1",141,0.257,"kg",100,84,"hr","plasma","normalized",NA,NA,"po",141,9.585e-07,NA,NA,FALSE,3.5,6,Inf,22,TRUE,0.04574,4.864,1,2.18,1,1.2,0.8
"78","rat","tamoxifen","10540-29-1",141,0.257,"kg",100,96,"hr","plasma","normalized",NA,NA,"po",141,9.585e-07,NA,NA,FALSE,4,6,Inf,22,TRUE,0.04574,4.864,1,2.18,1,1.2,0.8
"79","rat","tamoxifen","10540-29-1",141,0.257,"kg",100,108,"hr","plasma","normalized",NA,NA,"po",141,9.585e-07,NA,NA,FALSE,4.5,6,Inf,22,TRUE,0.04574,4.864,1,2.18,1,1.2,0.8
"80","rat","tamoxifen","10540-29-1",141,0.257,"kg",100,120,"hr","plasma","normalized",NA,NA,"po",141,9.585e-07,NA,NA,FALSE,5,6,Inf,22,TRUE,0.04574,4.864,1,2.18,1,1.2,0.8
"81","rat","tamoxifen","10540-29-1",141,0.257,"kg",100,132,"hr","plasma","normalized",NA,NA,"po",141,9.585e-07,NA,NA,FALSE,5.5,6,Inf,22,TRUE,0.04574,4.864,1,2.18,1,1.2,0.8
"82","rat","tamoxifen","10540-29-1",141,0.257,"kg",100,144,"hr","plasma","normalized",NA,NA,"po",141,9.585e-07,NA,NA,FALSE,6,6,Inf,22,TRUE,0.04574,4.864,1,2.18,1,1.2,0.8
"83","rat","tamoxifen","10540-29-1",141,0.256,"kg",100,0.25,"hr","plasma","normalized",NA,NA,"po",141,9.585e-07,NA,NA,FALSE,0.0104166666666667,6,Inf,22,TRUE,0.04574,4.864,1,2.18,1,1.2,0.8
"84","rat","tamoxifen","10540-29-1",141,0.256,"kg",100,0.5,"hr","plasma","normalized",NA,NA,"po",141,9.585e-07,NA,NA,FALSE,0.0208333333333333,6,Inf,22,TRUE,0.04574,4.864,1,2.18,1,1.2,0.8
"85","rat","tamoxifen","10540-29-1",141,0.256,"kg",100,1,"hr","plasma","normalized",NA,NA,"po",141,9.585e-07,NA,NA,FALSE,0.0416666666666667,6,Inf,22,TRUE,0.04574,4.864,1,2.18,1,1.2,0.8
"86","rat","tamoxifen","10540-29-1",141,0.256,"kg",100,2,"hr","plasma","normalized",NA,NA,"po",141,9.585e-07,NA,NA,FALSE,0.0833333333333333,6,Inf,22,TRUE,0.04574,4.864,1,2.18,1,1.2,0.8
"87","rat","tamoxifen","10540-29-1",141,0.256,"kg",100,4,"hr","plasma","normalized",NA,NA,"po",141,9.585e-07,NA,NA,FALSE,0.166666666666667,6,Inf,22,TRUE,0.04574,4.864,1,2.18,1,1.2,0.8
"88","rat","tamoxifen","10540-29-1",141,0.256,"kg",100,8,"hr","plasma","normalized",NA,NA,"po",141,9.585e-07,NA,NA,FALSE,0.333333333333333,6,Inf,22,TRUE,0.04574,4.864,1,2.18,1,1.2,0.8
"89","rat","tamoxifen","10540-29-1",141,0.256,"kg",100,12,"hr","plasma","normalized",NA,NA,"po",141,9.585e-07,NA,NA,FALSE,0.5,6,Inf,22,TRUE,0.04574,4.864,1,2.18,1,1.2,0.8
"90","rat","tamoxifen","10540-29-1",141,0.256,"kg",100,16,"hr","plasma","normalized",NA,NA,"po",141,9.585e-07,NA,NA,FALSE,0.666666666666667,6,Inf,22,TRUE,0.04574,4.864,1,2.18,1,1.2,0.8
"91","rat","tamoxifen","10540-29-1",141,0.256,"kg",100,24,"hr","plasma","normalized",NA,NA,"po",141,9.585e-07,NA,NA,FALSE,1,6,Inf,22,TRUE,0.04574,4.864,1,2.18,1,1.2,0.8
"92","rat","tamoxifen","10540-29-1",141,0.256,"kg",100,32,"hr","plasma","normalized",NA,NA,"po",141,9.585e-07,NA,NA,FALSE,1.33333333333333,6,Inf,22,TRUE,0.04574,4.864,1,2.18,1,1.2,0.8
"93","rat","tamoxifen","10540-29-1",141,0.256,"kg",100,40,"hr","plasma","normalized",NA,NA,"po",141,9.585e-07,NA,NA,FALSE,1.66666666666667,6,Inf,22,TRUE,0.04574,4.864,1,2.18,1,1.2,0.8
"94","rat","tamoxifen","10540-29-1",141,0.256,"kg",100,48,"hr","plasma","normalized",NA,NA,"po",141,9.585e-07,NA,NA,FALSE,2,6,Inf,22,TRUE,0.04574,4.864,1,2.18,1,1.2,0.8
"95","rat","tamoxifen","10540-29-1",141,0.256,"kg",100,56,"hr","plasma","normalized",NA,NA,"po",141,9.585e-07,NA,NA,FALSE,2.33333333333333,6,Inf,22,TRUE,0.04574,4.864,1,2.18,1,1.2,0.8
"96","rat","tamoxifen","10540-29-1",141,0.256,"kg",100,64,"hr","plasma","normalized",NA,NA,"po",141,9.585e-07,NA,NA,FALSE,2.66666666666667,6,Inf,22,TRUE,0.04574,4.864,1,2.18,1,1.2,0.8
"97","rat","tamoxifen","10540-29-1",141,0.256,"kg",100,72,"hr","plasma","normalized",NA,NA,"po",141,9.585e-07,NA,NA,FALSE,3,6,Inf,22,TRUE,0.04574,4.864,1,2.18,1,1.2,0.8
"98","rat","tamoxifen","10540-29-1",141,0.256,"kg",100,84,"hr","plasma","normalized",NA,NA,"po",141,9.585e-07,NA,NA,FALSE,3.5,6,Inf,22,TRUE,0.04574,4.864,1,2.18,1,1.2,0.8
"99","rat","tamoxifen","10540-29-1",141,0.256,"kg",100,96,"hr","plasma","normalized",NA,NA,"po",141,9.585e-07,NA,NA,FALSE,4,6,Inf,22,TRUE,0.04574,4.864,1,2.18,1,1.2,0.8
"100","rat","tamoxifen","10540-29-1",141,0.256,"kg",100,108,"hr","plasma","normalized",NA,NA,"po",141,9.585e-07,NA,NA,FALSE,4.5,6,Inf,22,TRUE,0.04574,4.864,1,2.18,1,1.2,0.8
"101","rat","tamoxifen","10540-29-1",141,0.256,"kg",100,120,"hr","plasma","normalized",NA,NA,"po",141,9.585e-07,NA,NA,FALSE,5,6,Inf,22,TRUE,0.04574,4.864,1,2.18,1,1.2,0.8
"102","rat","tamoxifen","10540-29-1",141,0.256,"kg",100,132,"hr","plasma","normalized",NA,NA,"po",141,9.585e-07,NA,NA,FALSE,5.5,6,Inf,22,TRUE,0.04574,4.864,1,2.18,1,1.2,0.8
"103","rat","tamoxifen","10540-29-1",141,0.256,"kg",100,144,"hr","plasma","normalized",NA,NA,"po",141,9.585e-07,NA,NA,FALSE,6,6,Inf,22,TRUE,0.04574,4.864,1,2.18,1,1.2,0.8
"104","rat","tamoxifen","10540-29-1",141,0.29,"kg",300,0.25,"hr","plasma","normalized",NA,NA,"po",141,9.585e-07,NA,NA,FALSE,0.0104166666666667,6,Inf,22,TRUE,0.04574,4.864,1,2.18,1,1.2,0.8
"105","rat","tamoxifen","10540-29-1",141,0.29,"kg",300,0.5,"hr","plasma","normalized",NA,NA,"po",141,9.585e-07,NA,NA,FALSE,0.0208333333333333,6,Inf,22,TRUE,0.04574,4.864,1,2.18,1,1.2,0.8
"106","rat","tamoxifen","10540-29-1",141,0.29,"kg",300,1,"hr","plasma","normalized",NA,NA,"po",141,9.585e-07,NA,NA,FALSE,0.0416666666666667,6,Inf,22,TRUE,0.04574,4.864,1,2.18,1,1.2,0.8
"107","rat","tamoxifen","10540-29-1",141,0.29,"kg",300,2,"hr","plasma","normalized",NA,NA,"po",141,9.585e-07,NA,NA,FALSE,0.0833333333333333,6,Inf,22,TRUE,0.04574,4.864,1,2.18,1,1.2,0.8
"108","rat","tamoxifen","10540-29-1",141,0.29,"kg",300,4,"hr","plasma","normalized",NA,NA,"po",141,9.585e-07,NA,NA,FALSE,0.166666666666667,6,Inf,22,TRUE,0.04574,4.864,1,2.18,1,1.2,0.8
"109","rat","tamoxifen","10540-29-1",141,0.29,"kg",300,8,"hr","plasma","normalized",NA,NA,"po",141,9.585e-07,NA,NA,FALSE,0.333333333333333,6,Inf,22,TRUE,0.04574,4.864,1,2.18,1,1.2,0.8
"110","rat","tamoxifen","10540-29-1",141,0.29,"kg",300,12,"hr","plasma","normalized",NA,NA,"po",141,9.585e-07,NA,NA,FALSE,0.5,6,Inf,22,TRUE,0.04574,4.864,1,2.18,1,1.2,0.8
"111","rat","tamoxifen","10540-29-1",141,0.29,"kg",300,16,"hr","plasma","normalized",NA,NA,"po",141,9.585e-07,NA,NA,FALSE,0.666666666666667,6,Inf,22,TRUE,0.04574,4.864,1,2.18,1,1.2,0.8
"112","rat","tamoxifen","10540-29-1",141,0.29,"kg",300,24,"hr","plasma","normalized",NA,NA,"po",141,9.585e-07,NA,NA,FALSE,1,6,Inf,22,TRUE,0.04574,4.864,1,2.18,1,1.2,0.8
"113","rat","tamoxifen","10540-29-1",141,0.29,"kg",300,32,"hr","plasma","normalized",NA,NA,"po",141,9.585e-07,NA,NA,FALSE,1.33333333333333,6,Inf,22,TRUE,0.04574,4.864,1,2.18,1,1.2,0.8
"114","rat","tamoxifen","10540-29-1",141,0.29,"kg",300,40,"hr","plasma","normalized",NA,NA,"po",141,9.585e-07,NA,NA,FALSE,1.66666666666667,6,Inf,22,TRUE,0.04574,4.864,1,2.18,1,1.2,0.8
"115","rat","tamoxifen","10540-29-1",141,0.29,"kg",300,48,"hr","plasma","normalized",NA,NA,"po",141,9.585e-07,NA,NA,FALSE,2,6,Inf,22,TRUE,0.04574,4.864,1,2.18,1,1.2,0.8
"116","rat","tamoxifen","10540-29-1",141,0.29,"kg",300,56,"hr","plasma","normalized",NA,NA,"po",141,9.585e-07,NA,NA,FALSE,2.33333333333333,6,Inf,22,TRUE,0.04574,4.864,1,2.18,1,1.2,0.8
"117","rat","tamoxifen","10540-29-1",141,0.29,"kg",300,72,"hr","plasma","normalized",NA,NA,"po",141,9.585e-07,NA,NA,FALSE,3,6,Inf,22,TRUE,0.04574,4.864,1,2.18,1,1.2,0.8
"118","rat","tamoxifen","10540-29-1",141,0.31,"kg",300,0.25,"hr","plasma","normalized",NA,NA,"po",141,9.585e-07,NA,NA,FALSE,0.0104166666666667,6,Inf,22,TRUE,0.04574,4.864,1,2.18,1,1.2,0.8
"119","rat","tamoxifen","10540-29-1",141,0.31,"kg",300,0.5,"hr","plasma","normalized",NA,NA,"po",141,9.585e-07,NA,NA,FALSE,0.0208333333333333,6,Inf,22,TRUE,0.04574,4.864,1,2.18,1,1.2,0.8
"120","rat","tamoxifen","10540-29-1",141,0.31,"kg",300,1,"hr","plasma","normalized",NA,NA,"po",141,9.585e-07,NA,NA,FALSE,0.0416666666666667,6,Inf,22,TRUE,0.04574,4.864,1,2.18,1,1.2,0.8
"121","rat","tamoxifen","10540-29-1",141,0.31,"kg",300,2,"hr","plasma","normalized",NA,NA,"po",141,9.585e-07,NA,NA,FALSE,0.0833333333333333,6,Inf,22,TRUE,0.04574,4.864,1,2.18,1,1.2,0.8
"122","rat","tamoxifen","10540-29-1",141,0.31,"kg",300,4,"hr","plasma","normalized",NA,NA,"po",141,9.585e-07,NA,NA,FALSE,0.166666666666667,6,Inf,22,TRUE,0.04574,4.864,1,2.18,1,1.2,0.8
"123","rat","tamoxifen","10540-29-1",141,0.31,"kg",300,8,"hr","plasma","normalized",NA,NA,"po",141,9.585e-07,NA,NA,FALSE,0.333333333333333,6,Inf,22,TRUE,0.04574,4.864,1,2.18,1,1.2,0.8
"124","rat","tamoxifen","10540-29-1",141,0.31,"kg",300,12,"hr","plasma","normalized",NA,NA,"po",141,9.585e-07,NA,NA,FALSE,0.5,6,Inf,22,TRUE,0.04574,4.864,1,2.18,1,1.2,0.8
"125","rat","tamoxifen","10540-29-1",141,0.31,"kg",300,16,"hr","plasma","normalized",NA,NA,"po",141,9.585e-07,NA,NA,FALSE,0.666666666666667,6,Inf,22,TRUE,0.04574,4.864,1,2.18,1,1.2,0.8
"126","rat","tamoxifen","10540-29-1",141,0.31,"kg",300,24,"hr","plasma","normalized",NA,NA,"po",141,9.585e-07,NA,NA,FALSE,1,6,Inf,22,TRUE,0.04574,4.864,1,2.18,1,1.2,0.8
"127","rat","tamoxifen","10540-29-1",141,0.31,"kg",300,32,"hr","plasma","normalized",NA,NA,"po",141,9.585e-07,NA,NA,FALSE,1.33333333333333,6,Inf,22,TRUE,0.04574,4.864,1,2.18,1,1.2,0.8
"128","rat","tamoxifen","10540-29-1",141,0.31,"kg",300,40,"hr","plasma","normalized",NA,NA,"po",141,9.585e-07,NA,NA,FALSE,1.66666666666667,6,Inf,22,TRUE,0.04574,4.864,1,2.18,1,1.2,0.8
"129","rat","tamoxifen","10540-29-1",141,0.31,"kg",300,48,"hr","plasma","normalized",NA,NA,"po",141,9.585e-07,NA,NA,FALSE,2,6,Inf,22,TRUE,0.04574,4.864,1,2.18,1,1.2,0.8
"130","rat","tamoxifen","10540-29-1",141,0.31,"kg",300,56,"hr","plasma","normalized",NA,NA,"po",141,9.585e-07,NA,NA,FALSE,2.33333333333333,6,Inf,22,TRUE,0.04574,4.864,1,2.18,1,1.2,0.8
"131","rat","tamoxifen","10540-29-1",141,0.31,"kg",300,64,"hr","plasma","normalized",NA,NA,"po",141,9.585e-07,NA,NA,FALSE,2.66666666666667,6,Inf,22,TRUE,0.04574,4.864,1,2.18,1,1.2,0.8
"132","rat","tamoxifen","10540-29-1",141,0.31,"kg",300,72,"hr","plasma","normalized",NA,NA,"po",141,9.585e-07,NA,NA,FALSE,3,6,Inf,22,TRUE,0.04574,4.864,1,2.18,1,1.2,0.8
"133","rat","tamoxifen","10540-29-1",141,0.304,"kg",300,0.25,"hr","plasma","normalized",NA,NA,"po",141,9.585e-07,NA,NA,FALSE,0.0104166666666667,6,Inf,22,TRUE,0.04574,4.864,1,2.18,1,1.2,0.8
"134","rat","tamoxifen","10540-29-1",141,0.304,"kg",300,0.5,"hr","plasma","normalized",NA,NA,"po",141,9.585e-07,NA,NA,FALSE,0.0208333333333333,6,Inf,22,TRUE,0.04574,4.864,1,2.18,1,1.2,0.8
"135","rat","tamoxifen","10540-29-1",141,0.304,"kg",300,1,"hr","plasma","normalized",NA,NA,"po",141,9.585e-07,NA,NA,FALSE,0.0416666666666667,6,Inf,22,TRUE,0.04574,4.864,1,2.18,1,1.2,0.8
"136","rat","tamoxifen","10540-29-1",141,0.304,"kg",300,2,"hr","plasma","normalized",NA,NA,"po",141,9.585e-07,NA,NA,FALSE,0.0833333333333333,6,Inf,22,TRUE,0.04574,4.864,1,2.18,1,1.2,0.8
"137","rat","tamoxifen","10540-29-1",141,0.304,"kg",300,4,"hr","plasma","normalized",NA,NA,"po",141,9.585e-07,NA,NA,FALSE,0.166666666666667,6,Inf,22,TRUE,0.04574,4.864,1,2.18,1,1.2,0.8
"138","rat","tamoxifen","10540-29-1",141,0.304,"kg",300,8,"hr","plasma","normalized",NA,NA,"po",141,9.585e-07,NA,NA,FALSE,0.333333333333333,6,Inf,22,TRUE,0.04574,4.864,1,2.18,1,1.2,0.8
"139","rat","tamoxifen","10540-29-1",141,0.304,"kg",300,12,"hr","plasma","normalized",NA,NA,"po",141,9.585e-07,NA,NA,FALSE,0.5,6,Inf,22,TRUE,0.04574,4.864,1,2.18,1,1.2,0.8
"140","rat","tamoxifen","10540-29-1",141,0.304,"kg",300,16,"hr","plasma","normalized",NA,NA,"po",141,9.585e-07,NA,NA,FALSE,0.666666666666667,6,Inf,22,TRUE,0.04574,4.864,1,2.18,1,1.2,0.8
"141","rat","tamoxifen","10540-29-1",141,0.304,"kg",300,24,"hr","plasma","normalized",NA,NA,"po",141,9.585e-07,NA,NA,FALSE,1,6,Inf,22,TRUE,0.04574,4.864,1,2.18,1,1.2,0.8
"142","rat","tamoxifen","10540-29-1",141,0.304,"kg",300,32,"hr","plasma","normalized",NA,NA,"po",141,9.585e-07,NA,NA,FALSE,1.33333333333333,6,Inf,22,TRUE,0.04574,4.864,1,2.18,1,1.2,0.8
"143","rat","tamoxifen","10540-29-1",141,0.304,"kg",300,40,"hr","plasma","normalized",NA,NA,"po",141,9.585e-07,NA,NA,FALSE,1.66666666666667,6,Inf,22,TRUE,0.04574,4.864,1,2.18,1,1.2,0.8
"144","rat","tamoxifen","10540-29-1",141,0.304,"kg",300,48,"hr","plasma","normalized",NA,NA,"po",141,9.585e-07,NA,NA,FALSE,2,6,Inf,22,TRUE,0.04574,4.864,1,2.18,1,1.2,0.8
"145","rat","tamoxifen","10540-29-1",141,0.304,"kg",300,56,"hr","plasma","normalized",NA,NA,"po",141,9.585e-07,NA,NA,FALSE,2.33333333333333,6,Inf,22,TRUE,0.04574,4.864,1,2.18,1,1.2,0.8
"146","rat","tamoxifen","10540-29-1",141,0.304,"kg",300,64,"hr","plasma","normalized",NA,NA,"po",141,9.585e-07,NA,NA,FALSE,2.66666666666667,6,Inf,22,TRUE,0.04574,4.864,1,2.18,1,1.2,0.8
"147","rat","tamoxifen","10540-29-1",141,0.304,"kg",300,72,"hr","plasma","normalized",NA,NA,"po",141,9.585e-07,NA,NA,FALSE,3,6,Inf,22,TRUE,0.04574,4.864,1,2.18,1,1.2,0.8
"148","rat","tamoxifen","10540-29-1",141,0.219,"kg",300,0.25,"hr","plasma","normalized",NA,NA,"po",141,9.585e-07,NA,NA,FALSE,0.0104166666666667,6,Inf,22,TRUE,0.04574,4.864,1,2.18,1,1.2,0.8
"149","rat","tamoxifen","10540-29-1",141,0.219,"kg",300,0.5,"hr","plasma","normalized",NA,NA,"po",141,9.585e-07,NA,NA,FALSE,0.0208333333333333,6,Inf,22,TRUE,0.04574,4.864,1,2.18,1,1.2,0.8
"150","rat","tamoxifen","10540-29-1",141,0.219,"kg",300,1,"hr","plasma","normalized",NA,NA,"po",141,9.585e-07,NA,NA,FALSE,0.0416666666666667,6,Inf,22,TRUE,0.04574,4.864,1,2.18,1,1.2,0.8
"151","rat","tamoxifen","10540-29-1",141,0.219,"kg",300,2,"hr","plasma","normalized",NA,NA,"po",141,9.585e-07,NA,NA,FALSE,0.0833333333333333,6,Inf,22,TRUE,0.04574,4.864,1,2.18,1,1.2,0.8
"152","rat","tamoxifen","10540-29-1",141,0.219,"kg",300,4,"hr","plasma","normalized",NA,NA,"po",141,9.585e-07,NA,NA,FALSE,0.166666666666667,6,Inf,22,TRUE,0.04574,4.864,1,2.18,1,1.2,0.8
"153","rat","tamoxifen","10540-29-1",141,0.219,"kg",300,8,"hr","plasma","normalized",NA,NA,"po",141,9.585e-07,NA,NA,FALSE,0.333333333333333,6,Inf,22,TRUE,0.04574,4.864,1,2.18,1,1.2,0.8
"154","rat","tamoxifen","10540-29-1",141,0.219,"kg",300,12,"hr","plasma","normalized",NA,NA,"po",141,9.585e-07,NA,NA,FALSE,0.5,6,Inf,22,TRUE,0.04574,4.864,1,2.18,1,1.2,0.8
"155","rat","tamoxifen","10540-29-1",141,0.219,"kg",300,16,"hr","plasma","normalized",NA,NA,"po",141,9.585e-07,NA,NA,FALSE,0.666666666666667,6,Inf,22,TRUE,0.04574,4.864,1,2.18,1,1.2,0.8
"156","rat","tamoxifen","10540-29-1",141,0.219,"kg",300,24,"hr","plasma","normalized",NA,NA,"po",141,9.585e-07,NA,NA,FALSE,1,6,Inf,22,TRUE,0.04574,4.864,1,2.18,1,1.2,0.8
"157","rat","tamoxifen","10540-29-1",141,0.219,"kg",300,32,"hr","plasma","normalized",NA,NA,"po",141,9.585e-07,NA,NA,FALSE,1.33333333333333,6,Inf,22,TRUE,0.04574,4.864,1,2.18,1,1.2,0.8
"158","rat","tamoxifen","10540-29-1",141,0.219,"kg",300,40,"hr","plasma","normalized",NA,NA,"po",141,9.585e-07,NA,NA,FALSE,1.66666666666667,6,Inf,22,TRUE,0.04574,4.864,1,2.18,1,1.2,0.8
"159","rat","tamoxifen","10540-29-1",141,0.219,"kg",300,48,"hr","plasma","normalized",NA,NA,"po",141,9.585e-07,NA,NA,FALSE,2,6,Inf,22,TRUE,0.04574,4.864,1,2.18,1,1.2,0.8
"160","rat","tamoxifen","10540-29-1",141,0.219,"kg",300,56,"hr","plasma","normalized",NA,NA,"po",141,9.585e-07,NA,NA,FALSE,2.33333333333333,6,Inf,22,TRUE,0.04574,4.864,1,2.18,1,1.2,0.8
"161","rat","tamoxifen","10540-29-1",141,0.219,"kg",300,64,"hr","plasma","normalized",NA,NA,"po",141,9.585e-07,NA,NA,FALSE,2.66666666666667,6,Inf,22,TRUE,0.04574,4.864,1,2.18,1,1.2,0.8
"162","rat","tamoxifen","10540-29-1",141,0.219,"kg",300,72,"hr","plasma","normalized",NA,NA,"po",141,9.585e-07,NA,NA,FALSE,3,6,Inf,22,TRUE,0.04574,4.864,1,2.18,1,1.2,0.8
"163","rat","tamoxifen","10540-29-1",141,0.219,"kg",300,84,"hr","plasma","normalized",NA,NA,"po",141,9.585e-07,NA,NA,FALSE,3.5,6,Inf,22,TRUE,0.04574,4.864,1,2.18,1,1.2,0.8
"164","rat","tamoxifen","10540-29-1",141,0.219,"kg",300,96,"hr","plasma","normalized",NA,NA,"po",141,9.585e-07,NA,NA,FALSE,4,6,Inf,22,TRUE,0.04574,4.864,1,2.18,1,1.2,0.8
"165","rat","tamoxifen","10540-29-1",141,0.219,"kg",300,108,"hr","plasma","normalized",NA,NA,"po",141,9.585e-07,NA,NA,FALSE,4.5,6,Inf,22,TRUE,0.04574,4.864,1,2.18,1,1.2,0.8
"166","rat","tamoxifen","10540-29-1",141,0.219,"kg",300,120,"hr","plasma","normalized",NA,NA,"po",141,9.585e-07,NA,NA,FALSE,5,6,Inf,22,TRUE,0.04574,4.864,1,2.18,1,1.2,0.8
"167","rat","tamoxifen","10540-29-1",141,0.219,"kg",300,132,"hr","plasma","normalized",NA,NA,"po",141,9.585e-07,NA,NA,FALSE,5.5,6,Inf,22,TRUE,0.04574,4.864,1,2.18,1,1.2,0.8
"168","rat","tamoxifen","10540-29-1",141,0.219,"kg",300,144,"hr","plasma","normalized",NA,NA,"po",141,9.585e-07,NA,NA,FALSE,6,6,Inf,22,TRUE,0.04574,4.864,1,2.18,1,1.2,0.8
"169","rat","tamoxifen","10540-29-1",141,0.252,"kg",300,0.25,"hr","plasma","normalized",NA,NA,"po",141,9.585e-07,NA,NA,FALSE,0.0104166666666667,6,Inf,22,TRUE,0.04574,4.864,1,2.18,1,1.2,0.8
"170","rat","tamoxifen","10540-29-1",141,0.252,"kg",300,0.5,"hr","plasma","normalized",NA,NA,"po",141,9.585e-07,NA,NA,FALSE,0.0208333333333333,6,Inf,22,TRUE,0.04574,4.864,1,2.18,1,1.2,0.8
"171","rat","tamoxifen","10540-29-1",141,0.252,"kg",300,1,"hr","plasma","normalized",NA,NA,"po",141,9.585e-07,NA,NA,FALSE,0.0416666666666667,6,Inf,22,TRUE,0.04574,4.864,1,2.18,1,1.2,0.8
"172","rat","tamoxifen","10540-29-1",141,0.252,"kg",300,2,"hr","plasma","normalized",NA,NA,"po",141,9.585e-07,NA,NA,FALSE,0.0833333333333333,6,Inf,22,TRUE,0.04574,4.864,1,2.18,1,1.2,0.8
"173","rat","tamoxifen","10540-29-1",141,0.252,"kg",300,4,"hr","plasma","normalized",NA,NA,"po",141,9.585e-07,NA,NA,FALSE,0.166666666666667,6,Inf,22,TRUE,0.04574,4.864,1,2.18,1,1.2,0.8
"174","rat","tamoxifen","10540-29-1",141,0.252,"kg",300,8,"hr","plasma","normalized",NA,NA,"po",141,9.585e-07,NA,NA,FALSE,0.333333333333333,6,Inf,22,TRUE,0.04574,4.864,1,2.18,1,1.2,0.8
"175","rat","tamoxifen","10540-29-1",141,0.252,"kg",300,12,"hr","plasma","normalized",NA,NA,"po",141,9.585e-07,NA,NA,FALSE,0.5,6,Inf,22,TRUE,0.04574,4.864,1,2.18,1,1.2,0.8
"176","rat","tamoxifen","10540-29-1",141,0.252,"kg",300,16,"hr","plasma","normalized",NA,NA,"po",141,9.585e-07,NA,NA,FALSE,0.666666666666667,6,Inf,22,TRUE,0.04574,4.864,1,2.18,1,1.2,0.8
"177","rat","tamoxifen","10540-29-1",141,0.252,"kg",300,24,"hr","plasma","normalized",NA,NA,"po",141,9.585e-07,NA,NA,FALSE,1,6,Inf,22,TRUE,0.04574,4.864,1,2.18,1,1.2,0.8
"178","rat","tamoxifen","10540-29-1",141,0.252,"kg",300,32,"hr","plasma","normalized",NA,NA,"po",141,9.585e-07,NA,NA,FALSE,1.33333333333333,6,Inf,22,TRUE,0.04574,4.864,1,2.18,1,1.2,0.8
"179","rat","tamoxifen","10540-29-1",141,0.252,"kg",300,40,"hr","plasma","normalized",NA,NA,"po",141,9.585e-07,NA,NA,FALSE,1.66666666666667,6,Inf,22,TRUE,0.04574,4.864,1,2.18,1,1.2,0.8
"180","rat","tamoxifen","10540-29-1",141,0.252,"kg",300,48,"hr","plasma","normalized",NA,NA,"po",141,9.585e-07,NA,NA,FALSE,2,6,Inf,22,TRUE,0.04574,4.864,1,2.18,1,1.2,0.8
"181","rat","tamoxifen","10540-29-1",141,0.252,"kg",300,56,"hr","plasma","normalized",NA,NA,"po",141,9.585e-07,NA,NA,FALSE,2.33333333333333,6,Inf,22,TRUE,0.04574,4.864,1,2.18,1,1.2,0.8
"182","rat","tamoxifen","10540-29-1",141,0.252,"kg",300,64,"hr","plasma","normalized",NA,NA,"po",141,9.585e-07,NA,NA,FALSE,2.66666666666667,6,Inf,22,TRUE,0.04574,4.864,1,2.18,1,1.2,0.8
"183","rat","tamoxifen","10540-29-1",141,0.252,"kg",300,72,"hr","plasma","normalized",NA,NA,"po",141,9.585e-07,NA,NA,FALSE,3,6,Inf,22,TRUE,0.04574,4.864,1,2.18,1,1.2,0.8
"184","rat","tamoxifen","10540-29-1",141,0.252,"kg",300,84,"hr","plasma","normalized",NA,NA,"po",141,9.585e-07,NA,NA,FALSE,3.5,6,Inf,22,TRUE,0.04574,4.864,1,2.18,1,1.2,0.8
"185","rat","tamoxifen","10540-29-1",141,0.252,"kg",300,96,"hr","plasma","normalized",NA,NA,"po",141,9.585e-07,NA,NA,FALSE,4,6,Inf,22,TRUE,0.04574,4.864,1,2.18,1,1.2,0.8
"186","rat","tamoxifen","10540-29-1",141,0.252,"kg",300,108,"hr","plasma","normalized",NA,NA,"po",141,9.585e-07,NA,NA,FALSE,4.5,6,Inf,22,TRUE,0.04574,4.864,1,2.18,1,1.2,0.8
"187","rat","tamoxifen","10540-29-1",141,0.252,"kg",300,120,"hr","plasma","normalized",NA,NA,"po",141,9.585e-07,NA,NA,FALSE,5,6,Inf,22,TRUE,0.04574,4.864,1,2.18,1,1.2,0.8
"188","rat","tamoxifen","10540-29-1",141,0.252,"kg",300,132,"hr","plasma","normalized",NA,NA,"po",141,9.585e-07,NA,NA,FALSE,5.5,6,Inf,22,TRUE,0.04574,4.864,1,2.18,1,1.2,0.8
"189","rat","tamoxifen","10540-29-1",141,0.252,"kg",300,144,"hr","plasma","normalized",NA,NA,"po",141,9.585e-07,NA,NA,FALSE,6,6,Inf,22,TRUE,0.04574,4.864,1,2.18,1,1.2,0.8
"190","rat","tamoxifen","10540-29-1",141,0.274,"kg",300,0,"hr","plasma","normalized",2.13e-06,NA,"po",141,9.585e-07,NA,NA,FALSE,0,6,Inf,22,TRUE,0.04574,4.864,1,2.18,1,1.2,0.8
"191","rat","tamoxifen","10540-29-1",141,0.274,"kg",300,0.25,"hr","plasma","normalized",3.18e-06,NA,"po",141,9.585e-07,NA,NA,FALSE,0.0104166666666667,6,Inf,22,TRUE,0.04574,4.864,1,2.18,1,1.2,0.8
"192","rat","tamoxifen","10540-29-1",141,0.274,"kg",300,0.5,"hr","plasma","normalized",2.95e-06,NA,"po",141,9.585e-07,NA,NA,FALSE,0.0208333333333333,6,Inf,22,TRUE,0.04574,4.864,1,2.18,1,1.2,0.8
"193","rat","tamoxifen","10540-29-1",141,0.274,"kg",300,1,"hr","plasma","normalized",2.9e-06,NA,"po",141,9.585e-07,NA,NA,FALSE,0.0416666666666667,6,Inf,22,TRUE,0.04574,4.864,1,2.18,1,1.2,0.8
"194","rat","tamoxifen","10540-29-1",141,0.274,"kg",300,2,"hr","plasma","normalized",4.38e-06,NA,"po",141,9.585e-07,NA,NA,FALSE,0.0833333333333333,6,Inf,22,TRUE,0.04574,4.864,1,2.18,1,1.2,0.8
"195","rat","tamoxifen","10540-29-1",141,0.274,"kg",300,4,"hr","plasma","normalized",4.12e-06,NA,"po",141,9.585e-07,NA,NA,FALSE,0.166666666666667,6,Inf,22,TRUE,0.04574,4.864,1,2.18,1,1.2,0.8
"196","rat","tamoxifen","10540-29-1",141,0.274,"kg",300,8,"hr","plasma","normalized",4.6e-06,NA,"po",141,9.585e-07,NA,NA,FALSE,0.333333333333333,6,Inf,22,TRUE,0.04574,4.864,1,2.18,1,1.2,0.8
"197","rat","tamoxifen","10540-29-1",141,0.274,"kg",300,16,"hr","plasma","normalized",2.41e-06,NA,"po",141,9.585e-07,NA,NA,FALSE,0.666666666666667,6,Inf,22,TRUE,0.04574,4.864,1,2.18,1,1.2,0.8
"198","rat","tamoxifen","10540-29-1",141,0.274,"kg",300,12,"hr","plasma","normalized",NA,NA,"po",141,9.585e-07,NA,NA,FALSE,0.5,6,Inf,22,TRUE,0.04574,4.864,1,2.18,1,1.2,0.8
"199","rat","tamoxifen","10540-29-1",141,0.274,"kg",300,24,"hr","plasma","normalized",NA,NA,"po",141,9.585e-07,NA,NA,FALSE,1,6,Inf,22,TRUE,0.04574,4.864,1,2.18,1,1.2,0.8
"200","rat","tamoxifen","10540-29-1",141,0.274,"kg",300,32,"hr","plasma","normalized",NA,NA,"po",141,9.585e-07,NA,NA,FALSE,1.33333333333333,6,Inf,22,TRUE,0.04574,4.864,1,2.18,1,1.2,0.8
"201","rat","tamoxifen","10540-29-1",141,0.274,"kg",300,40,"hr","plasma","normalized",NA,NA,"po",141,9.585e-07,NA,NA,FALSE,1.66666666666667,6,Inf,22,TRUE,0.04574,4.864,1,2.18,1,1.2,0.8
"202","rat","tamoxifen","10540-29-1",141,0.274,"kg",300,48,"hr","plasma","normalized",NA,NA,"po",141,9.585e-07,NA,NA,FALSE,2,6,Inf,22,TRUE,0.04574,4.864,1,2.18,1,1.2,0.8
"203","rat","tamoxifen","10540-29-1",141,0.274,"kg",300,56,"hr","plasma","normalized",NA,NA,"po",141,9.585e-07,NA,NA,FALSE,2.33333333333333,6,Inf,22,TRUE,0.04574,4.864,1,2.18,1,1.2,0.8
"204","rat","tamoxifen","10540-29-1",141,0.274,"kg",300,64,"hr","plasma","normalized",NA,NA,"po",141,9.585e-07,NA,NA,FALSE,2.66666666666667,6,Inf,22,TRUE,0.04574,4.864,1,2.18,1,1.2,0.8
"205","rat","tamoxifen","10540-29-1",141,0.274,"kg",300,72,"hr","plasma","normalized",NA,NA,"po",141,9.585e-07,NA,NA,FALSE,3,6,Inf,22,TRUE,0.04574,4.864,1,2.18,1,1.2,0.8
"206","rat","tamoxifen","10540-29-1",141,0.274,"kg",300,84,"hr","plasma","normalized",NA,NA,"po",141,9.585e-07,NA,NA,FALSE,3.5,6,Inf,22,TRUE,0.04574,4.864,1,2.18,1,1.2,0.8
"207","rat","tamoxifen","10540-29-1",141,0.274,"kg",300,96,"hr","plasma","normalized",NA,NA,"po",141,9.585e-07,NA,NA,FALSE,4,6,Inf,22,TRUE,0.04574,4.864,1,2.18,1,1.2,0.8
"208","rat","tamoxifen","10540-29-1",141,0.274,"kg",300,108,"hr","plasma","normalized",NA,NA,"po",141,9.585e-07,NA,NA,FALSE,4.5,6,Inf,22,TRUE,0.04574,4.864,1,2.18,1,1.2,0.8
"209","rat","tamoxifen","10540-29-1",141,0.274,"kg",300,120,"hr","plasma","normalized",NA,NA,"po",141,9.585e-07,NA,NA,FALSE,5,6,Inf,22,TRUE,0.04574,4.864,1,2.18,1,1.2,0.8
"210","rat","tamoxifen","10540-29-1",141,0.274,"kg",300,132,"hr","plasma","normalized",NA,NA,"po",141,9.585e-07,NA,NA,FALSE,5.5,6,Inf,22,TRUE,0.04574,4.864,1,2.18,1,1.2,0.8
"211","rat","tamoxifen","10540-29-1",141,0.274,"kg",300,144,"hr","plasma","normalized",NA,NA,"po",141,9.585e-07,NA,NA,FALSE,6,6,Inf,22,TRUE,0.04574,4.864,1,2.18,1,1.2,0.8
"212","rat","tamoxifen","10540-29-1",141,0.22,"kg",300,0.25,"hr","plasma","normalized",1.19e-05,NA,"po",141,9.585e-07,NA,NA,FALSE,0.0104166666666667,6,Inf,22,TRUE,0.04574,4.864,1,2.18,1,1.2,0.8
"213","rat","tamoxifen","10540-29-1",141,0.22,"kg",300,0.5,"hr","plasma","normalized",8.96e-06,NA,"po",141,9.585e-07,NA,NA,FALSE,0.0208333333333333,6,Inf,22,TRUE,0.04574,4.864,1,2.18,1,1.2,0.8
"214","rat","tamoxifen","10540-29-1",141,0.22,"kg",300,1,"hr","plasma","normalized",7.35e-06,NA,"po",141,9.585e-07,NA,NA,FALSE,0.0416666666666667,6,Inf,22,TRUE,0.04574,4.864,1,2.18,1,1.2,0.8
"215","rat","tamoxifen","10540-29-1",141,0.22,"kg",300,2,"hr","plasma","normalized",5.8e-06,NA,"po",141,9.585e-07,NA,NA,FALSE,0.0833333333333333,6,Inf,22,TRUE,0.04574,4.864,1,2.18,1,1.2,0.8
"216","rat","tamoxifen","10540-29-1",141,0.22,"kg",300,4,"hr","plasma","normalized",NA,NA,"po",141,9.585e-07,NA,NA,FALSE,0.166666666666667,6,Inf,22,TRUE,0.04574,4.864,1,2.18,1,1.2,0.8
"217","rat","tamoxifen","10540-29-1",141,0.22,"kg",300,8,"hr","plasma","normalized",NA,NA,"po",141,9.585e-07,NA,NA,FALSE,0.333333333333333,6,Inf,22,TRUE,0.04574,4.864,1,2.18,1,1.2,0.8
"218","rat","tamoxifen","10540-29-1",141,0.22,"kg",300,12,"hr","plasma","normalized",NA,NA,"po",141,9.585e-07,NA,NA,FALSE,0.5,6,Inf,22,TRUE,0.04574,4.864,1,2.18,1,1.2,0.8
"219","rat","tamoxifen","10540-29-1",141,0.22,"kg",300,16,"hr","plasma","normalized",NA,NA,"po",141,9.585e-07,NA,NA,FALSE,0.666666666666667,6,Inf,22,TRUE,0.04574,4.864,1,2.18,1,1.2,0.8
"220","rat","tamoxifen","10540-29-1",141,0.22,"kg",300,24,"hr","plasma","normalized",NA,NA,"po",141,9.585e-07,NA,NA,FALSE,1,6,Inf,22,TRUE,0.04574,4.864,1,2.18,1,1.2,0.8
"221","rat","tamoxifen","10540-29-1",141,0.22,"kg",300,32,"hr","plasma","normalized",NA,NA,"po",141,9.585e-07,NA,NA,FALSE,1.33333333333333,6,Inf,22,TRUE,0.04574,4.864,1,2.18,1,1.2,0.8
"222","rat","tamoxifen","10540-29-1",141,0.22,"kg",300,40,"hr","plasma","normalized",NA,NA,"po",141,9.585e-07,NA,NA,FALSE,1.66666666666667,6,Inf,22,TRUE,0.04574,4.864,1,2.18,1,1.2,0.8
"223","rat","tamoxifen","10540-29-1",141,0.22,"kg",300,48,"hr","plasma","normalized",NA,NA,"po",141,9.585e-07,NA,NA,FALSE,2,6,Inf,22,TRUE,0.04574,4.864,1,2.18,1,1.2,0.8
"224","rat","tamoxifen","10540-29-1",141,0.229,"kg",300,0.25,"hr","plasma","normalized",1.54e-05,NA,"po",141,9.585e-07,NA,NA,FALSE,0.0104166666666667,6,Inf,22,TRUE,0.04574,4.864,1,2.18,1,1.2,0.8
"225","rat","tamoxifen","10540-29-1",141,0.229,"kg",300,0.5,"hr","plasma","normalized",1.22e-05,NA,"po",141,9.585e-07,NA,NA,FALSE,0.0208333333333333,6,Inf,22,TRUE,0.04574,4.864,1,2.18,1,1.2,0.8
"226","rat","tamoxifen","10540-29-1",141,0.229,"kg",300,1,"hr","plasma","normalized",9.33e-06,NA,"po",141,9.585e-07,NA,NA,FALSE,0.0416666666666667,6,Inf,22,TRUE,0.04574,4.864,1,2.18,1,1.2,0.8
"227","rat","tamoxifen","10540-29-1",141,0.229,"kg",300,2,"hr","plasma","normalized",8.41e-06,NA,"po",141,9.585e-07,NA,NA,FALSE,0.0833333333333333,6,Inf,22,TRUE,0.04574,4.864,1,2.18,1,1.2,0.8
"228","rat","tamoxifen","10540-29-1",141,0.229,"kg",300,4,"hr","plasma","normalized",4.44e-06,NA,"po",141,9.585e-07,NA,NA,FALSE,0.166666666666667,6,Inf,22,TRUE,0.04574,4.864,1,2.18,1,1.2,0.8
"229","rat","tamoxifen","10540-29-1",141,0.229,"kg",300,8,"hr","plasma","normalized",NA,NA,"po",141,9.585e-07,NA,NA,FALSE,0.333333333333333,6,Inf,22,TRUE,0.04574,4.864,1,2.18,1,1.2,0.8
"230","rat","tamoxifen","10540-29-1",141,0.229,"kg",300,12,"hr","plasma","normalized",NA,NA,"po",141,9.585e-07,NA,NA,FALSE,0.5,6,Inf,22,TRUE,0.04574,4.864,1,2.18,1,1.2,0.8
"231","rat","tamoxifen","10540-29-1",141,0.229,"kg",300,16,"hr","plasma","normalized",NA,NA,"po",141,9.585e-07,NA,NA,FALSE,0.666666666666667,6,Inf,22,TRUE,0.04574,4.864,1,2.18,1,1.2,0.8
"232","rat","tamoxifen","10540-29-1",141,0.229,"kg",300,24,"hr","plasma","normalized",NA,NA,"po",141,9.585e-07,NA,NA,FALSE,1,6,Inf,22,TRUE,0.04574,4.864,1,2.18,1,1.2,0.8
"233","rat","tamoxifen","10540-29-1",141,0.229,"kg",300,32,"hr","plasma","normalized",NA,NA,"po",141,9.585e-07,NA,NA,FALSE,1.33333333333333,6,Inf,22,TRUE,0.04574,4.864,1,2.18,1,1.2,0.8
"234","rat","tamoxifen","10540-29-1",141,0.229,"kg",300,40,"hr","plasma","normalized",NA,NA,"po",141,9.585e-07,NA,NA,FALSE,1.66666666666667,6,Inf,22,TRUE,0.04574,4.864,1,2.18,1,1.2,0.8
"235","rat","tamoxifen","10540-29-1",141,0.229,"kg",300,48,"hr","plasma","normalized",NA,NA,"po",141,9.585e-07,NA,NA,FALSE,2,6,Inf,22,TRUE,0.04574,4.864,1,2.18,1,1.2,0.8
"236","rat","tamoxifen","10540-29-1",141,0.229,"kg",300,56,"hr","plasma","normalized",NA,NA,"po",141,9.585e-07,NA,NA,FALSE,2.33333333333333,6,Inf,22,TRUE,0.04574,4.864,1,2.18,1,1.2,0.8
"237","rat","tamoxifen","10540-29-1",141,0.229,"kg",300,64,"hr","plasma","normalized",NA,NA,"po",141,9.585e-07,NA,NA,FALSE,2.66666666666667,6,Inf,22,TRUE,0.04574,4.864,1,2.18,1,1.2,0.8
"238","rat","tamoxifen","10540-29-1",141,0.229,"kg",300,72,"hr","plasma","normalized",NA,NA,"po",141,9.585e-07,NA,NA,FALSE,3,6,Inf,22,TRUE,0.04574,4.864,1,2.18,1,1.2,0.8
"239","rat","tamoxifen","10540-29-1",141,0.229,"kg",300,84,"hr","plasma","normalized",NA,NA,"po",141,9.585e-07,NA,NA,FALSE,3.5,6,Inf,22,TRUE,0.04574,4.864,1,2.18,1,1.2,0.8
"240","rat","tamoxifen","10540-29-1",141,0.229,"kg",300,96,"hr","plasma","normalized",NA,NA,"po",141,9.585e-07,NA,NA,FALSE,4,6,Inf,22,TRUE,0.04574,4.864,1,2.18,1,1.2,0.8
"241","rat","tamoxifen","10540-29-1",141,0.229,"kg",300,108,"hr","plasma","normalized",NA,NA,"po",141,9.585e-07,NA,NA,FALSE,4.5,6,Inf,22,TRUE,0.04574,4.864,1,2.18,1,1.2,0.8
"242","rat","tamoxifen","10540-29-1",141,0.229,"kg",300,120,"hr","plasma","normalized",NA,NA,"po",141,9.585e-07,NA,NA,FALSE,5,6,Inf,22,TRUE,0.04574,4.864,1,2.18,1,1.2,0.8
"243","rat","tamoxifen","10540-29-1",141,0.229,"kg",300,132,"hr","plasma","normalized",NA,NA,"po",141,9.585e-07,NA,NA,FALSE,5.5,6,Inf,22,TRUE,0.04574,4.864,1,2.18,1,1.2,0.8
"244","rat","tamoxifen","10540-29-1",141,0.229,"kg",300,144,"hr","plasma","normalized",NA,NA,"po",141,9.585e-07,NA,NA,FALSE,6,6,Inf,22,TRUE,0.04574,4.864,1,2.18,1,1.2,0.8
"245","rat","tamoxifen","10540-29-1",141,0.229,"kg",300,0.25,"hr","plasma","normalized",2.19e-05,NA,"po",141,9.585e-07,NA,NA,FALSE,0.0104166666666667,6,Inf,22,TRUE,0.04574,4.864,1,2.18,1,1.2,0.8
"246","rat","tamoxifen","10540-29-1",141,0.229,"kg",300,0.5,"hr","plasma","normalized",1.019e-05,NA,"po",141,9.585e-07,NA,NA,FALSE,0.0208333333333333,6,Inf,22,TRUE,0.04574,4.864,1,2.18,1,1.2,0.8
"247","rat","tamoxifen","10540-29-1",141,0.229,"kg",300,2,"hr","plasma","normalized",6.23e-06,NA,"po",141,9.585e-07,NA,NA,FALSE,0.0833333333333333,6,Inf,22,TRUE,0.04574,4.864,1,2.18,1,1.2,0.8
"248","rat","tamoxifen","10540-29-1",141,0.229,"kg",300,4,"hr","plasma","normalized",4.51e-06,NA,"po",141,9.585e-07,NA,NA,FALSE,0.166666666666667,6,Inf,22,TRUE,0.04574,4.864,1,2.18,1,1.2,0.8
"249","rat","tamoxifen","10540-29-1",141,0.229,"kg",300,12,"hr","plasma","normalized",2.66e-06,NA,"po",141,9.585e-07,NA,NA,FALSE,0.5,6,Inf,22,TRUE,0.04574,4.864,1,2.18,1,1.2,0.8
"250","rat","tamoxifen","10540-29-1",141,0.229,"kg",300,1,"hr","plasma","normalized",NA,NA,"po",141,9.585e-07,NA,NA,FALSE,0.0416666666666667,6,Inf,22,TRUE,0.04574,4.864,1,2.18,1,1.2,0.8
"251","rat","tamoxifen","10540-29-1",141,0.229,"kg",300,8,"hr","plasma","normalized",NA,NA,"po",141,9.585e-07,NA,NA,FALSE,0.333333333333333,6,Inf,22,TRUE,0.04574,4.864,1,2.18,1,1.2,0.8
"252","rat","tamoxifen","10540-29-1",141,0.229,"kg",300,16,"hr","plasma","normalized",NA,NA,"po",141,9.585e-07,NA,NA,FALSE,0.666666666666667,6,Inf,22,TRUE,0.04574,4.864,1,2.18,1,1.2,0.8
"253","rat","tamoxifen","10540-29-1",141,0.229,"kg",300,24,"hr","plasma","normalized",NA,NA,"po",141,9.585e-07,NA,NA,FALSE,1,6,Inf,22,TRUE,0.04574,4.864,1,2.18,1,1.2,0.8
"254","rat","tamoxifen","10540-29-1",141,0.229,"kg",300,32,"hr","plasma","normalized",NA,NA,"po",141,9.585e-07,NA,NA,FALSE,1.33333333333333,6,Inf,22,TRUE,0.04574,4.864,1,2.18,1,1.2,0.8
"255","rat","tamoxifen","10540-29-1",141,0.229,"kg",300,40,"hr","plasma","normalized",NA,NA,"po",141,9.585e-07,NA,NA,FALSE,1.66666666666667,6,Inf,22,TRUE,0.04574,4.864,1,2.18,1,1.2,0.8
"256","rat","tamoxifen","10540-29-1",141,0.229,"kg",300,48,"hr","plasma","normalized",NA,NA,"po",141,9.585e-07,NA,NA,FALSE,2,6,Inf,22,TRUE,0.04574,4.864,1,2.18,1,1.2,0.8
"257","rat","tamoxifen","10540-29-1",141,0.229,"kg",300,56,"hr","plasma","normalized",NA,NA,"po",141,9.585e-07,NA,NA,FALSE,2.33333333333333,6,Inf,22,TRUE,0.04574,4.864,1,2.18,1,1.2,0.8
"258","rat","tamoxifen","10540-29-1",141,0.229,"kg",300,64,"hr","plasma","normalized",NA,NA,"po",141,9.585e-07,NA,NA,FALSE,2.66666666666667,6,Inf,22,TRUE,0.04574,4.864,1,2.18,1,1.2,0.8
"259","rat","tamoxifen","10540-29-1",141,0.229,"kg",300,72,"hr","plasma","normalized",NA,NA,"po",141,9.585e-07,NA,NA,FALSE,3,6,Inf,22,TRUE,0.04574,4.864,1,2.18,1,1.2,0.8
"260","rat","tamoxifen","10540-29-1",141,0.229,"kg",300,84,"hr","plasma","normalized",NA,NA,"po",141,9.585e-07,NA,NA,FALSE,3.5,6,Inf,22,TRUE,0.04574,4.864,1,2.18,1,1.2,0.8
"261","rat","tamoxifen","10540-29-1",141,0.229,"kg",300,96,"hr","plasma","normalized",NA,NA,"po",141,9.585e-07,NA,NA,FALSE,4,6,Inf,22,TRUE,0.04574,4.864,1,2.18,1,1.2,0.8
"262","rat","tamoxifen","10540-29-1",141,0.229,"kg",300,108,"hr","plasma","normalized",NA,NA,"po",141,9.585e-07,NA,NA,FALSE,4.5,6,Inf,22,TRUE,0.04574,4.864,1,2.18,1,1.2,0.8
"263","rat","tamoxifen","10540-29-1",141,0.229,"kg",300,120,"hr","plasma","normalized",NA,NA,"po",141,9.585e-07,NA,NA,FALSE,5,6,Inf,22,TRUE,0.04574,4.864,1,2.18,1,1.2,0.8
"264","rat","tamoxifen","10540-29-1",141,0.229,"kg",300,132,"hr","plasma","normalized",NA,NA,"po",141,9.585e-07,NA,NA,FALSE,5.5,6,Inf,22,TRUE,0.04574,4.864,1,2.18,1,1.2,0.8
"265","rat","tamoxifen","10540-29-1",141,0.229,"kg",300,144,"hr","plasma","normalized",NA,NA,"po",141,9.585e-07,NA,NA,FALSE,6,6,Inf,22,TRUE,0.04574,4.864,1,2.18,1,1.2,0.8
